{
  "summary": {
    "total": 131,
    "valid": 5,
    "toReview": 88,
    "invalid": 38,
    "validationDate": "2026-01-29T15:48:18.848Z",
    "method": "Pattern analysis + known museums comparison"
  },
  "toDelete": [
    {
      "id": 105,
      "name": "Musée des Arts décoratifs de Malmaison",
      "location": "Malmaison, Île-de-France",
      "confidence": 0,
      "flags": [
        "GENERIC_PATTERN",
        "NAME_DESC_INCONSISTENCY",
        "NO_IMAGE",
        "GENERIC_INFO"
      ]
    },
    {
      "id": 209,
      "name": "Musée des Arts décoratifs de Saint-Rémy-de-Provence",
      "location": "Saint-Rémy-de-Provence, Provence-Alpes-Côte d'Azur",
      "confidence": 0,
      "flags": [
        "GENERIC_PATTERN",
        "NAME_DESC_INCONSISTENCY",
        "NO_IMAGE",
        "GENERIC_INFO"
      ]
    },
    {
      "id": 333,
      "name": "Musée des Arts décoratifs de Le Puy-en-Velay",
      "location": "Le Puy-en-Velay, Auvergne-Rhône-Alpes",
      "confidence": 0,
      "flags": [
        "GENERIC_PATTERN",
        "NAME_DESC_INCONSISTENCY",
        "NO_IMAGE",
        "GENERIC_INFO"
      ]
    },
    {
      "id": 578,
      "name": "Musée des Arts décoratifs de Auch",
      "location": "Auch, Occitanie",
      "confidence": 0,
      "flags": [
        "GENERIC_PATTERN",
        "NAME_DESC_INCONSISTENCY",
        "NO_IMAGE",
        "GENERIC_INFO"
      ]
    },
    {
      "id": 602,
      "name": "Musée des Arts décoratifs de Mende",
      "location": "Mende, Occitanie",
      "confidence": 0,
      "flags": [
        "GENERIC_PATTERN",
        "NAME_DESC_INCONSISTENCY",
        "NO_IMAGE",
        "GENERIC_INFO"
      ]
    },
    {
      "id": 609,
      "name": "Musée des Arts décoratifs de Foix",
      "location": "Foix, Occitanie",
      "confidence": 0,
      "flags": [
        "GENERIC_PATTERN",
        "NAME_DESC_INCONSISTENCY",
        "NO_IMAGE",
        "GENERIC_INFO"
      ]
    },
    {
      "id": 896,
      "name": "Musée des Arts décoratifs de Pierrefonds",
      "location": "Pierrefonds, Hauts-de-France",
      "confidence": 0,
      "flags": [
        "GENERIC_PATTERN",
        "NAME_DESC_INCONSISTENCY",
        "NO_IMAGE",
        "GENERIC_INFO"
      ]
    },
    {
      "id": 904,
      "name": "Musée des Arts décoratifs de Rennes",
      "location": "Rennes, Bretagne",
      "confidence": 0,
      "flags": [
        "GENERIC_PATTERN",
        "NAME_DESC_INCONSISTENCY",
        "NO_IMAGE",
        "GENERIC_INFO"
      ]
    },
    {
      "id": 1012,
      "name": "Musée des Arts décoratifs de Caen",
      "location": "Caen, Normandie",
      "confidence": 0,
      "flags": [
        "GENERIC_PATTERN",
        "NAME_DESC_INCONSISTENCY",
        "NO_IMAGE",
        "GENERIC_INFO"
      ]
    },
    {
      "id": 1040,
      "name": "Musée des Arts décoratifs de Bayeux",
      "location": "Bayeux, Normandie",
      "confidence": 0,
      "flags": [
        "GENERIC_PATTERN",
        "NAME_DESC_INCONSISTENCY",
        "NO_IMAGE",
        "GENERIC_INFO"
      ]
    },
    {
      "id": 1256,
      "name": "Musée des Arts décoratifs de Amboise",
      "location": "Amboise, Centre-Val de Loire",
      "confidence": 0,
      "flags": [
        "GENERIC_PATTERN",
        "NAME_DESC_INCONSISTENCY",
        "NO_IMAGE",
        "GENERIC_INFO"
      ]
    },
    {
      "id": 1520,
      "name": "Musée des Arts décoratifs de Les Baux-de-Provence",
      "location": "Les Baux-de-Provence, Provence-Alpes-Côte d'Azur",
      "confidence": 0,
      "flags": [
        "GENERIC_PATTERN",
        "NAME_DESC_INCONSISTENCY",
        "NO_IMAGE",
        "GENERIC_INFO"
      ]
    },
    {
      "id": 1584,
      "name": "Musée des Arts décoratifs de Pézenas",
      "location": "Pézenas, Occitanie",
      "confidence": 0,
      "flags": [
        "GENERIC_PATTERN",
        "NAME_DESC_INCONSISTENCY",
        "NO_IMAGE",
        "GENERIC_INFO"
      ]
    },
    {
      "id": 1806,
      "name": "Musée des Arts décoratifs de Aubagne",
      "location": "Aubagne, Provence-Alpes-Côte d'Azur",
      "confidence": 0,
      "flags": [
        "GENERIC_PATTERN",
        "NAME_DESC_INCONSISTENCY",
        "NO_IMAGE",
        "GENERIC_INFO"
      ]
    },
    {
      "id": 2143,
      "name": "Musée des Arts décoratifs de Agde",
      "location": "Agde, Occitanie",
      "confidence": 0,
      "flags": [
        "GENERIC_PATTERN",
        "NAME_DESC_INCONSISTENCY",
        "NO_IMAGE",
        "GENERIC_INFO"
      ]
    },
    {
      "id": 2205,
      "name": "Musée des Arts décoratifs de Le Vigan",
      "location": "Le Vigan, Occitanie",
      "confidence": 0,
      "flags": [
        "GENERIC_PATTERN",
        "NAME_DESC_INCONSISTENCY",
        "NO_IMAGE",
        "GENERIC_INFO"
      ]
    },
    {
      "id": 2296,
      "name": "Musée des Arts décoratifs de Wissembourg",
      "location": "Wissembourg, Grand Est",
      "confidence": 0,
      "flags": [
        "GENERIC_PATTERN",
        "NAME_DESC_INCONSISTENCY",
        "NO_IMAGE",
        "GENERIC_INFO"
      ]
    },
    {
      "id": 2758,
      "name": "Musée des Arts décoratifs de Clisson",
      "location": "Clisson, Pays de la Loire",
      "confidence": 0,
      "flags": [
        "GENERIC_PATTERN",
        "NAME_DESC_INCONSISTENCY",
        "NO_IMAGE",
        "GENERIC_INFO"
      ]
    },
    {
      "id": 2876,
      "name": "Musée des Arts décoratifs de Saint-Amand-Montrond",
      "location": "Saint-Amand-Montrond, Centre-Val de Loire",
      "confidence": 0,
      "flags": [
        "GENERIC_PATTERN",
        "NAME_DESC_INCONSISTENCY",
        "NO_IMAGE",
        "GENERIC_INFO"
      ]
    },
    {
      "id": 2976,
      "name": "Musée des Arts décoratifs de Lons-le-Saunier",
      "location": "Lons-le-Saunier, Bourgogne-Franche-Comté",
      "confidence": 0,
      "flags": [
        "GENERIC_PATTERN",
        "NAME_DESC_INCONSISTENCY",
        "NO_IMAGE",
        "GENERIC_INFO"
      ]
    },
    {
      "id": 3213,
      "name": "Musée des Arts décoratifs de La Roque-Gageac",
      "location": "La Roque-Gageac, Nouvelle-Aquitaine",
      "confidence": 0,
      "flags": [
        "GENERIC_PATTERN",
        "NAME_DESC_INCONSISTENCY",
        "NO_IMAGE",
        "GENERIC_INFO"
      ]
    },
    {
      "id": 3695,
      "name": "Musée des Arts décoratifs de La Romieu",
      "location": "La Romieu, Occitanie",
      "confidence": 0,
      "flags": [
        "GENERIC_PATTERN",
        "NAME_DESC_INCONSISTENCY",
        "NO_IMAGE",
        "GENERIC_INFO"
      ]
    },
    {
      "id": 3750,
      "name": "Musée des Arts décoratifs de Boulogne-Billancourt",
      "location": "Boulogne-Billancourt, Île-de-France",
      "confidence": 0,
      "flags": [
        "GENERIC_PATTERN",
        "NAME_DESC_INCONSISTENCY",
        "NO_IMAGE",
        "GENERIC_INFO"
      ]
    },
    {
      "id": 3919,
      "name": "Musée des Arts décoratifs de Peillon",
      "location": "Peillon, Provence-Alpes-Côte d'Azur",
      "confidence": 0,
      "flags": [
        "GENERIC_PATTERN",
        "NAME_DESC_INCONSISTENCY",
        "NO_IMAGE",
        "GENERIC_INFO"
      ]
    },
    {
      "id": 3973,
      "name": "Musée des Arts décoratifs de Saint-Antonin-Noble-Val",
      "location": "Saint-Antonin-Noble-Val, Occitanie",
      "confidence": 0,
      "flags": [
        "GENERIC_PATTERN",
        "NAME_DESC_INCONSISTENCY",
        "NO_IMAGE",
        "GENERIC_INFO"
      ]
    },
    {
      "id": 4159,
      "name": "Musée des Arts décoratifs de Ribérac",
      "location": "Ribérac, Nouvelle-Aquitaine",
      "confidence": 0,
      "flags": [
        "GENERIC_PATTERN",
        "NAME_DESC_INCONSISTENCY",
        "NO_IMAGE",
        "GENERIC_INFO"
      ]
    },
    {
      "id": 4616,
      "name": "Musée des Arts décoratifs de Carrouges",
      "location": "Carrouges, Normandie",
      "confidence": 0,
      "flags": [
        "GENERIC_PATTERN",
        "NAME_DESC_INCONSISTENCY",
        "NO_IMAGE",
        "GENERIC_INFO"
      ]
    },
    {
      "id": 4627,
      "name": "Musée des Arts décoratifs de Sées",
      "location": "Sées, Normandie",
      "confidence": 0,
      "flags": [
        "GENERIC_PATTERN",
        "NAME_DESC_INCONSISTENCY",
        "NO_IMAGE",
        "GENERIC_INFO"
      ]
    },
    {
      "id": 4633,
      "name": "Musée des Arts décoratifs de Saint-Lô",
      "location": "Saint-Lô, Normandie",
      "confidence": 0,
      "flags": [
        "GENERIC_PATTERN",
        "NAME_DESC_INCONSISTENCY",
        "NO_IMAGE",
        "GENERIC_INFO"
      ]
    },
    {
      "id": 4676,
      "name": "Musée des Arts décoratifs de Montreuil-Bellay",
      "location": "Montreuil-Bellay, Pays de la Loire",
      "confidence": 0,
      "flags": [
        "GENERIC_PATTERN",
        "NAME_DESC_INCONSISTENCY",
        "NO_IMAGE",
        "GENERIC_INFO"
      ]
    },
    {
      "id": 4684,
      "name": "Musée des Arts décoratifs de Brissac",
      "location": "Brissac, Pays de la Loire",
      "confidence": 0,
      "flags": [
        "GENERIC_PATTERN",
        "NAME_DESC_INCONSISTENCY",
        "NO_IMAGE",
        "GENERIC_INFO"
      ]
    },
    {
      "id": 4879,
      "name": "Musée des Arts décoratifs de Saulieu",
      "location": "Saulieu, Bourgogne-Franche-Comté",
      "confidence": 0,
      "flags": [
        "GENERIC_PATTERN",
        "NAME_DESC_INCONSISTENCY",
        "NO_IMAGE",
        "GENERIC_INFO"
      ]
    },
    {
      "id": 4886,
      "name": "Musée des Arts décoratifs de Pierre-de-Bresse",
      "location": "Pierre-de-Bresse, Bourgogne-Franche-Comté",
      "confidence": 0,
      "flags": [
        "GENERIC_PATTERN",
        "NAME_DESC_INCONSISTENCY",
        "NO_IMAGE",
        "GENERIC_INFO"
      ]
    },
    {
      "id": 4912,
      "name": "Musée des Arts décoratifs de Saint-Fargeau",
      "location": "Saint-Fargeau, Bourgogne-Franche-Comté",
      "confidence": 0,
      "flags": [
        "GENERIC_PATTERN",
        "NAME_DESC_INCONSISTENCY",
        "NO_IMAGE",
        "GENERIC_INFO"
      ]
    },
    {
      "id": 4947,
      "name": "Musée des Arts décoratifs de Château-Chinon",
      "location": "Château-Chinon, Bourgogne-Franche-Comté",
      "confidence": 0,
      "flags": [
        "GENERIC_PATTERN",
        "NAME_DESC_INCONSISTENCY",
        "NO_IMAGE",
        "GENERIC_INFO"
      ]
    },
    {
      "id": 5007,
      "name": "Musée des Arts décoratifs de Crest",
      "location": "Crest, Auvergne-Rhône-Alpes",
      "confidence": 0,
      "flags": [
        "GENERIC_PATTERN",
        "NAME_DESC_INCONSISTENCY",
        "NO_IMAGE",
        "GENERIC_INFO"
      ]
    },
    {
      "id": 5150,
      "name": "Musée des Arts décoratifs de Cancale",
      "location": "Cancale, Bretagne",
      "confidence": 0,
      "flags": [
        "GENERIC_PATTERN",
        "NAME_DESC_INCONSISTENCY",
        "NO_IMAGE",
        "GENERIC_INFO"
      ]
    },
    {
      "id": 5189,
      "name": "Musée des Arts décoratifs de Saint-Paul-de-Vence",
      "location": "Saint-Paul-de-Vence, Provence-Alpes-Côte d'Azur",
      "confidence": 0,
      "flags": [
        "GENERIC_PATTERN",
        "NAME_DESC_INCONSISTENCY",
        "NO_IMAGE",
        "GENERIC_INFO"
      ]
    }
  ],
  "toReview": [
    {
      "id": 34,
      "name": "Musée des Arts décoratifs de Meaux",
      "location": "Meaux, Île-de-France",
      "confidence": 0.30000000000000004,
      "flags": [
        "GENERIC_PATTERN",
        "NO_IMAGE",
        "GENERIC_INFO"
      ]
    },
    {
      "id": 63,
      "name": "Musée des Arts décoratifs de Vincennes",
      "location": "Vincennes, Île-de-France",
      "confidence": 0.30000000000000004,
      "flags": [
        "GENERIC_PATTERN",
        "NO_IMAGE",
        "GENERIC_INFO"
      ]
    },
    {
      "id": 125,
      "name": "Musée des Arts décoratifs de Nice",
      "location": "Nice, Provence-Alpes-Côte d'Azur",
      "confidence": 0.30000000000000004,
      "flags": [
        "GENERIC_PATTERN",
        "NO_IMAGE",
        "GENERIC_INFO"
      ]
    },
    {
      "id": 154,
      "name": "Musée des Arts décoratifs de Arles",
      "location": "Arles, Provence-Alpes-Côte d'Azur",
      "confidence": 0.30000000000000004,
      "flags": [
        "GENERIC_PATTERN",
        "NO_IMAGE",
        "GENERIC_INFO"
      ]
    },
    {
      "id": 200,
      "name": "Musée des Arts décoratifs de Orange",
      "location": "Orange, Provence-Alpes-Côte d'Azur",
      "confidence": 0.30000000000000004,
      "flags": [
        "GENERIC_PATTERN",
        "NO_IMAGE",
        "GENERIC_INFO"
      ]
    },
    {
      "id": 231,
      "name": "Musée des Arts décoratifs de Gap",
      "location": "Gap, Provence-Alpes-Côte d'Azur",
      "confidence": 0.30000000000000004,
      "flags": [
        "GENERIC_PATTERN",
        "NO_IMAGE",
        "GENERIC_INFO"
      ]
    },
    {
      "id": 290,
      "name": "Musée des Arts décoratifs de Clermont-Ferrand",
      "location": "Clermont-Ferrand, Auvergne-Rhône-Alpes",
      "confidence": 0.30000000000000004,
      "flags": [
        "GENERIC_PATTERN",
        "NO_IMAGE",
        "GENERIC_INFO"
      ]
    },
    {
      "id": 315,
      "name": "Musée des Beaux-Arts de Chambéry",
      "location": "Chambéry, Auvergne-Rhône-Alpes",
      "confidence": 0.30000000000000004,
      "flags": [
        "GENERIC_PATTERN",
        "NO_IMAGE",
        "GENERIC_INFO"
      ]
    },
    {
      "id": 388,
      "name": "Musée des Arts décoratifs de Limoges",
      "location": "Limoges, Nouvelle-Aquitaine",
      "confidence": 0.30000000000000004,
      "flags": [
        "GENERIC_PATTERN",
        "NO_IMAGE",
        "GENERIC_INFO"
      ]
    },
    {
      "id": 410,
      "name": "Musée des Arts décoratifs de Pau",
      "location": "Pau, Nouvelle-Aquitaine",
      "confidence": 0.30000000000000004,
      "flags": [
        "GENERIC_PATTERN",
        "NO_IMAGE",
        "GENERIC_INFO"
      ]
    },
    {
      "id": 421,
      "name": "Musée des Arts décoratifs de Angoulême",
      "location": "Angoulême, Nouvelle-Aquitaine",
      "confidence": 0.30000000000000004,
      "flags": [
        "GENERIC_PATTERN",
        "NO_IMAGE",
        "GENERIC_INFO"
      ]
    },
    {
      "id": 488,
      "name": "Musée des Arts décoratifs de Rochefort",
      "location": "Rochefort, Nouvelle-Aquitaine",
      "confidence": 0.30000000000000004,
      "flags": [
        "GENERIC_PATTERN",
        "NO_IMAGE",
        "GENERIC_INFO"
      ]
    },
    {
      "id": 495,
      "name": "Musée des Arts décoratifs de Brive-la-Gaillarde",
      "location": "Brive-la-Gaillarde, Nouvelle-Aquitaine",
      "confidence": 0.30000000000000004,
      "flags": [
        "GENERIC_PATTERN",
        "NO_IMAGE",
        "GENERIC_INFO"
      ]
    },
    {
      "id": 526,
      "name": "Musée des Arts décoratifs de Nîmes",
      "location": "Nîmes, Occitanie",
      "confidence": 0.30000000000000004,
      "flags": [
        "GENERIC_PATTERN",
        "NO_IMAGE",
        "GENERIC_INFO"
      ]
    },
    {
      "id": 683,
      "name": "Musée des Arts décoratifs de Mulhouse",
      "location": "Mulhouse, Grand Est",
      "confidence": 0.30000000000000004,
      "flags": [
        "GENERIC_PATTERN",
        "NO_IMAGE",
        "GENERIC_INFO"
      ]
    },
    {
      "id": 735,
      "name": "Musée des Arts décoratifs de Sélestat",
      "location": "Sélestat, Grand Est",
      "confidence": 0.30000000000000004,
      "flags": [
        "GENERIC_PATTERN",
        "NO_IMAGE",
        "GENERIC_INFO"
      ]
    },
    {
      "id": 744,
      "name": "Musée des Arts décoratifs de Haguenau",
      "location": "Haguenau, Grand Est",
      "confidence": 0.30000000000000004,
      "flags": [
        "GENERIC_PATTERN",
        "NO_IMAGE",
        "GENERIC_INFO"
      ]
    },
    {
      "id": 754,
      "name": "Musée des Arts décoratifs de Saverne",
      "location": "Saverne, Grand Est",
      "confidence": 0.30000000000000004,
      "flags": [
        "GENERIC_PATTERN",
        "NO_IMAGE",
        "GENERIC_INFO"
      ]
    },
    {
      "id": 814,
      "name": "Musée des Arts décoratifs de Laon",
      "location": "Laon, Hauts-de-France",
      "confidence": 0.30000000000000004,
      "flags": [
        "GENERIC_PATTERN",
        "NO_IMAGE",
        "GENERIC_INFO"
      ]
    },
    {
      "id": 843,
      "name": "Musée des Arts décoratifs de Boulogne-sur-Mer",
      "location": "Boulogne-sur-Mer, Hauts-de-France",
      "confidence": 0.30000000000000004,
      "flags": [
        "GENERIC_PATTERN",
        "NO_IMAGE",
        "GENERIC_INFO"
      ]
    },
    {
      "id": 868,
      "name": "Musée des Arts décoratifs de Senlis",
      "location": "Senlis, Hauts-de-France",
      "confidence": 0.30000000000000004,
      "flags": [
        "GENERIC_PATTERN",
        "NO_IMAGE",
        "GENERIC_INFO"
      ]
    },
    {
      "id": 886,
      "name": "Musée des Arts décoratifs de Chantilly",
      "location": "Chantilly, Hauts-de-France",
      "confidence": 0.30000000000000004,
      "flags": [
        "GENERIC_PATTERN",
        "NO_IMAGE",
        "GENERIC_INFO"
      ]
    },
    {
      "id": 970,
      "name": "Musée des Arts décoratifs de Concarneau",
      "location": "Concarneau, Bretagne",
      "confidence": 0.30000000000000004,
      "flags": [
        "GENERIC_PATTERN",
        "NO_IMAGE",
        "GENERIC_INFO"
      ]
    },
    {
      "id": 1013,
      "name": "Musée des Beaux-Arts de Caen",
      "location": "Caen, Normandie",
      "confidence": 0.30000000000000004,
      "flags": [
        "GENERIC_PATTERN",
        "NO_IMAGE",
        "GENERIC_INFO"
      ]
    },
    {
      "id": 1099,
      "name": "Musée des Arts décoratifs de Falaise",
      "location": "Falaise, Normandie",
      "confidence": 0.30000000000000004,
      "flags": [
        "GENERIC_PATTERN",
        "NO_IMAGE",
        "GENERIC_INFO"
      ]
    },
    {
      "id": 1152,
      "name": "Musée des Arts décoratifs de Saint-Nazaire",
      "location": "Saint-Nazaire, Pays de la Loire",
      "confidence": 0.30000000000000004,
      "flags": [
        "GENERIC_PATTERN",
        "NO_IMAGE",
        "GENERIC_INFO"
      ]
    },
    {
      "id": 1160,
      "name": "Musée des Arts décoratifs de Saumur",
      "location": "Saumur, Pays de la Loire",
      "confidence": 0.30000000000000004,
      "flags": [
        "GENERIC_PATTERN",
        "NO_IMAGE",
        "GENERIC_INFO"
      ]
    },
    {
      "id": 1292,
      "name": "Musée des Arts décoratifs de Vendôme",
      "location": "Vendôme, Centre-Val de Loire",
      "confidence": 0.30000000000000004,
      "flags": [
        "GENERIC_PATTERN",
        "NO_IMAGE",
        "GENERIC_INFO"
      ]
    },
    {
      "id": 1477,
      "name": "Musée des Arts décoratifs de Calvi",
      "location": "Calvi, Corse",
      "confidence": 0.30000000000000004,
      "flags": [
        "GENERIC_PATTERN",
        "NO_IMAGE",
        "GENERIC_INFO"
      ]
    },
    {
      "id": 1492,
      "name": "Musée des Arts décoratifs de Figeac",
      "location": "Figeac, Occitanie",
      "confidence": 0.30000000000000004,
      "flags": [
        "GENERIC_PATTERN",
        "NO_IMAGE",
        "GENERIC_INFO"
      ]
    },
    {
      "id": 1511,
      "name": "Musée des Arts décoratifs de Sisteron",
      "location": "Sisteron, Provence-Alpes-Côte d'Azur",
      "confidence": 0.30000000000000004,
      "flags": [
        "GENERIC_PATTERN",
        "NO_IMAGE",
        "GENERIC_INFO"
      ]
    },
    {
      "id": 1723,
      "name": "Musée des Arts décoratifs de Manosque",
      "location": "Manosque, Provence-Alpes-Côte d'Azur",
      "confidence": 0.30000000000000004,
      "flags": [
        "GENERIC_PATTERN",
        "NO_IMAGE",
        "GENERIC_INFO"
      ]
    },
    {
      "id": 1730,
      "name": "Musée des Arts décoratifs de Forcalquier",
      "location": "Forcalquier, Provence-Alpes-Côte d'Azur",
      "confidence": 0.30000000000000004,
      "flags": [
        "GENERIC_PATTERN",
        "NO_IMAGE",
        "GENERIC_INFO"
      ]
    },
    {
      "id": 1755,
      "name": "Musée des Arts décoratifs de Vaison-la-Romaine",
      "location": "Vaison-la-Romaine, Provence-Alpes-Côte d'Azur",
      "confidence": 0.30000000000000004,
      "flags": [
        "GENERIC_PATTERN",
        "NO_IMAGE",
        "GENERIC_INFO"
      ]
    },
    {
      "id": 1766,
      "name": "Musée des Arts décoratifs de Tarascon",
      "location": "Tarascon, Provence-Alpes-Côte d'Azur",
      "confidence": 0.30000000000000004,
      "flags": [
        "GENERIC_PATTERN",
        "NO_IMAGE",
        "GENERIC_INFO"
      ]
    },
    {
      "id": 1773,
      "name": "Musée des Arts décoratifs de Istres",
      "location": "Istres, Provence-Alpes-Côte d'Azur",
      "confidence": 0.30000000000000004,
      "flags": [
        "GENERIC_PATTERN",
        "NO_IMAGE",
        "GENERIC_INFO"
      ]
    },
    {
      "id": 1789,
      "name": "Musée des Arts décoratifs de La Ciotat",
      "location": "La Ciotat, Provence-Alpes-Côte d'Azur",
      "confidence": 0.30000000000000004,
      "flags": [
        "GENERIC_PATTERN",
        "NO_IMAGE",
        "GENERIC_INFO"
      ]
    },
    {
      "id": 1849,
      "name": "Musée des Arts décoratifs de Chamonix",
      "location": "Chamonix, Auvergne-Rhône-Alpes",
      "confidence": 0.30000000000000004,
      "flags": [
        "GENERIC_PATTERN",
        "NO_IMAGE",
        "GENERIC_INFO"
      ]
    },
    {
      "id": 1965,
      "name": "Musée des Arts décoratifs de Dax",
      "location": "Dax, Nouvelle-Aquitaine",
      "confidence": 0.30000000000000004,
      "flags": [
        "GENERIC_PATTERN",
        "NO_IMAGE",
        "GENERIC_INFO"
      ]
    },
    {
      "id": 2074,
      "name": "Musée des Arts décoratifs de Hendaye",
      "location": "Hendaye, Nouvelle-Aquitaine",
      "confidence": 0.30000000000000004,
      "flags": [
        "GENERIC_PATTERN",
        "NO_IMAGE",
        "GENERIC_INFO"
      ]
    },
    {
      "id": 2082,
      "name": "Musée des Arts décoratifs de Uzerche",
      "location": "Uzerche, Nouvelle-Aquitaine",
      "confidence": 0.30000000000000004,
      "flags": [
        "GENERIC_PATTERN",
        "NO_IMAGE",
        "GENERIC_INFO"
      ]
    },
    {
      "id": 2181,
      "name": "Musée des Arts décoratifs de Font-Romeu",
      "location": "Font-Romeu, Occitanie",
      "confidence": 0.30000000000000004,
      "flags": [
        "GENERIC_PATTERN",
        "NO_IMAGE",
        "GENERIC_INFO"
      ]
    },
    {
      "id": 2350,
      "name": "Musée des Arts décoratifs de Chaumont",
      "location": "Chaumont, Grand Est",
      "confidence": 0.30000000000000004,
      "flags": [
        "GENERIC_PATTERN",
        "NO_IMAGE",
        "GENERIC_INFO"
      ]
    },
    {
      "id": 2387,
      "name": "Musée des Arts décoratifs de Abbeville",
      "location": "Abbeville, Hauts-de-France",
      "confidence": 0.30000000000000004,
      "flags": [
        "GENERIC_PATTERN",
        "NO_IMAGE",
        "GENERIC_INFO"
      ]
    },
    {
      "id": 2428,
      "name": "Musée des Beaux-Arts de Cambrai",
      "location": "Cambrai, Hauts-de-France",
      "confidence": 0.30000000000000004,
      "flags": [
        "GENERIC_PATTERN",
        "NO_IMAGE",
        "GENERIC_INFO"
      ]
    },
    {
      "id": 2439,
      "name": "Musée des Beaux-Arts de Valenciennes",
      "location": "Valenciennes, Hauts-de-France",
      "confidence": 0.30000000000000004,
      "flags": [
        "GENERIC_PATTERN",
        "NO_IMAGE",
        "GENERIC_INFO"
      ]
    },
    {
      "id": 2452,
      "name": "Musée des Arts décoratifs de Le Touquet",
      "location": "Le Touquet, Hauts-de-France",
      "confidence": 0.30000000000000004,
      "flags": [
        "GENERIC_PATTERN",
        "NO_IMAGE",
        "GENERIC_INFO"
      ]
    },
    {
      "id": 2511,
      "name": "Musée des Arts décoratifs de Roscoff",
      "location": "Roscoff, Bretagne",
      "confidence": 0.30000000000000004,
      "flags": [
        "GENERIC_PATTERN",
        "NO_IMAGE",
        "GENERIC_INFO"
      ]
    },
    {
      "id": 2555,
      "name": "Musée des Arts décoratifs de Pontivy",
      "location": "Pontivy, Bretagne",
      "confidence": 0.30000000000000004,
      "flags": [
        "GENERIC_PATTERN",
        "NO_IMAGE",
        "GENERIC_INFO"
      ]
    },
    {
      "id": 2586,
      "name": "Musée des Arts décoratifs de Locronan",
      "location": "Locronan, Bretagne",
      "confidence": 0.30000000000000004,
      "flags": [
        "GENERIC_PATTERN",
        "NO_IMAGE",
        "GENERIC_INFO"
      ]
    },
    {
      "id": 2609,
      "name": "Musée des Arts décoratifs de Étretat",
      "location": "Étretat, Normandie",
      "confidence": 0.30000000000000004,
      "flags": [
        "GENERIC_PATTERN",
        "NO_IMAGE",
        "GENERIC_INFO"
      ]
    },
    {
      "id": 2792,
      "name": "Musée des Arts décoratifs de Sainte-Suzanne",
      "location": "Sainte-Suzanne, Pays de la Loire",
      "confidence": 0.30000000000000004,
      "flags": [
        "GENERIC_PATTERN",
        "NO_IMAGE",
        "GENERIC_INFO"
      ]
    },
    {
      "id": 2894,
      "name": "Musée des Arts décoratifs de Tournus",
      "location": "Tournus, Bourgogne-Franche-Comté",
      "confidence": 0.30000000000000004,
      "flags": [
        "GENERIC_PATTERN",
        "NO_IMAGE",
        "GENERIC_INFO"
      ]
    },
    {
      "id": 3060,
      "name": "Musée des Arts décoratifs de Cayenne",
      "location": "Cayenne, Guyane",
      "confidence": 0.30000000000000004,
      "flags": [
        "GENERIC_PATTERN",
        "NO_IMAGE",
        "GENERIC_INFO"
      ]
    },
    {
      "id": 3104,
      "name": "Musée des Arts décoratifs de Ax-les-Thermes",
      "location": "Ax-les-Thermes, Occitanie",
      "confidence": 0.30000000000000004,
      "flags": [
        "GENERIC_PATTERN",
        "NO_IMAGE",
        "GENERIC_INFO"
      ]
    },
    {
      "id": 3119,
      "name": "Musée des Arts décoratifs de Le Mont-Dore",
      "location": "Le Mont-Dore, Auvergne-Rhône-Alpes",
      "confidence": 0.30000000000000004,
      "flags": [
        "GENERIC_PATTERN",
        "NO_IMAGE",
        "GENERIC_INFO"
      ]
    },
    {
      "id": 3270,
      "name": "Musée des Arts décoratifs de Melle",
      "location": "Melle, Nouvelle-Aquitaine",
      "confidence": 0.30000000000000004,
      "flags": [
        "GENERIC_PATTERN",
        "NO_IMAGE",
        "GENERIC_INFO"
      ]
    },
    {
      "id": 3340,
      "name": "Musée des Arts décoratifs de Saint-Véran",
      "location": "Saint-Véran, Provence-Alpes-Côte d'Azur",
      "confidence": 0.30000000000000004,
      "flags": [
        "GENERIC_PATTERN",
        "NO_IMAGE",
        "GENERIC_INFO"
      ]
    },
    {
      "id": 3378,
      "name": "Musée des Arts décoratifs de Yvoire",
      "location": "Yvoire, Auvergne-Rhône-Alpes",
      "confidence": 0.30000000000000004,
      "flags": [
        "GENERIC_PATTERN",
        "NO_IMAGE",
        "GENERIC_INFO"
      ]
    },
    {
      "id": 3472,
      "name": "Musée des Arts décoratifs de Veules-les-Roses",
      "location": "Veules-les-Roses, Normandie",
      "confidence": 0.30000000000000004,
      "flags": [
        "GENERIC_PATTERN",
        "NO_IMAGE",
        "GENERIC_INFO"
      ]
    },
    {
      "id": 3560,
      "name": "Musée des Arts décoratifs de Châteauneuf-en-Auxois",
      "location": "Châteauneuf-en-Auxois, Bourgogne-Franche-Comté",
      "confidence": 0.30000000000000004,
      "flags": [
        "GENERIC_PATTERN",
        "NO_IMAGE",
        "GENERIC_INFO"
      ]
    },
    {
      "id": 3590,
      "name": "Musée des Arts décoratifs de Baume-les-Messieurs",
      "location": "Baume-les-Messieurs, Bourgogne-Franche-Comté",
      "confidence": 0.30000000000000004,
      "flags": [
        "GENERIC_PATTERN",
        "NO_IMAGE",
        "GENERIC_INFO"
      ]
    },
    {
      "id": 3669,
      "name": "Musée des Arts décoratifs de Castelnou",
      "location": "Castelnou, Occitanie",
      "confidence": 0.30000000000000004,
      "flags": [
        "GENERIC_PATTERN",
        "NO_IMAGE",
        "GENERIC_INFO"
      ]
    },
    {
      "id": 3688,
      "name": "Musée des Arts décoratifs de Sarrant",
      "location": "Sarrant, Occitanie",
      "confidence": 0.30000000000000004,
      "flags": [
        "GENERIC_PATTERN",
        "NO_IMAGE",
        "GENERIC_INFO"
      ]
    },
    {
      "id": 3804,
      "name": "Musée des Arts décoratifs de Yerres",
      "location": "Yerres, Île-de-France",
      "confidence": 0.30000000000000004,
      "flags": [
        "GENERIC_PATTERN",
        "NO_IMAGE",
        "GENERIC_INFO"
      ]
    },
    {
      "id": 3848,
      "name": "Musée des Arts décoratifs de Roquebrune-Cap-Martin",
      "location": "Roquebrune-Cap-Martin, Provence-Alpes-Côte d'Azur",
      "confidence": 0.30000000000000004,
      "flags": [
        "GENERIC_PATTERN",
        "NO_IMAGE",
        "GENERIC_INFO"
      ]
    },
    {
      "id": 3875,
      "name": "Musée des Arts décoratifs de Bormes-les-Mimosas",
      "location": "Bormes-les-Mimosas, Provence-Alpes-Côte d'Azur",
      "confidence": 0.30000000000000004,
      "flags": [
        "GENERIC_PATTERN",
        "NO_IMAGE",
        "GENERIC_INFO"
      ]
    },
    {
      "id": 3940,
      "name": "Musée des Arts décoratifs de Bargème",
      "location": "Bargème, Provence-Alpes-Côte d'Azur",
      "confidence": 0.30000000000000004,
      "flags": [
        "GENERIC_PATTERN",
        "NO_IMAGE",
        "GENERIC_INFO"
      ]
    },
    {
      "id": 3982,
      "name": "Musée des Arts décoratifs de Lauzerte",
      "location": "Lauzerte, Occitanie",
      "confidence": 0.30000000000000004,
      "flags": [
        "GENERIC_PATTERN",
        "NO_IMAGE",
        "GENERIC_INFO"
      ]
    },
    {
      "id": 3997,
      "name": "Musée des Arts décoratifs de Sorèze",
      "location": "Sorèze, Occitanie",
      "confidence": 0.30000000000000004,
      "flags": [
        "GENERIC_PATTERN",
        "NO_IMAGE",
        "GENERIC_INFO"
      ]
    },
    {
      "id": 4175,
      "name": "Musée des Arts décoratifs de Hautefort",
      "location": "Hautefort, Nouvelle-Aquitaine",
      "confidence": 0.30000000000000004,
      "flags": [
        "GENERIC_PATTERN",
        "NO_IMAGE",
        "GENERIC_INFO"
      ]
    },
    {
      "id": 4200,
      "name": "Musée des Arts décoratifs de Bourdeilles",
      "location": "Bourdeilles, Nouvelle-Aquitaine",
      "confidence": 0.30000000000000004,
      "flags": [
        "GENERIC_PATTERN",
        "NO_IMAGE",
        "GENERIC_INFO"
      ]
    },
    {
      "id": 4312,
      "name": "Musée des Arts décoratifs de Fleckenstein",
      "location": "Fleckenstein, Grand Est",
      "confidence": 0.30000000000000004,
      "flags": [
        "GENERIC_PATTERN",
        "NO_IMAGE",
        "GENERIC_INFO"
      ]
    },
    {
      "id": 4359,
      "name": "Musée des Arts décoratifs de Domrémy-la-Pucelle",
      "location": "Domrémy-la-Pucelle, Grand Est",
      "confidence": 0.30000000000000004,
      "flags": [
        "GENERIC_PATTERN",
        "NO_IMAGE",
        "GENERIC_INFO"
      ]
    },
    {
      "id": 4392,
      "name": "Musée des Arts décoratifs de Villers-Cotterêts",
      "location": "Villers-Cotterêts, Hauts-de-France",
      "confidence": 0.30000000000000004,
      "flags": [
        "GENERIC_PATTERN",
        "NO_IMAGE",
        "GENERIC_INFO"
      ]
    },
    {
      "id": 4440,
      "name": "Musée des Arts décoratifs de Chauny",
      "location": "Chauny, Hauts-de-France",
      "confidence": 0.30000000000000004,
      "flags": [
        "GENERIC_PATTERN",
        "NO_IMAGE",
        "GENERIC_INFO"
      ]
    },
    {
      "id": 4459,
      "name": "Musée des Arts décoratifs de Bavay",
      "location": "Bavay, Hauts-de-France",
      "confidence": 0.30000000000000004,
      "flags": [
        "GENERIC_PATTERN",
        "NO_IMAGE",
        "GENERIC_INFO"
      ]
    },
    {
      "id": 4545,
      "name": "Musée des Arts décoratifs de Loudéac",
      "location": "Loudéac, Bretagne",
      "confidence": 0.30000000000000004,
      "flags": [
        "GENERIC_PATTERN",
        "NO_IMAGE",
        "GENERIC_INFO"
      ]
    },
    {
      "id": 4661,
      "name": "Musée des Arts décoratifs de Baugé",
      "location": "Baugé, Pays de la Loire",
      "confidence": 0.30000000000000004,
      "flags": [
        "GENERIC_PATTERN",
        "NO_IMAGE",
        "GENERIC_INFO"
      ]
    },
    {
      "id": 4695,
      "name": "Musée des Arts décoratifs de Beaufort-en-Anjou",
      "location": "Beaufort-en-Anjou, Pays de la Loire",
      "confidence": 0.30000000000000004,
      "flags": [
        "GENERIC_PATTERN",
        "NO_IMAGE",
        "GENERIC_INFO"
      ]
    },
    {
      "id": 4724,
      "name": "Musée des Arts décoratifs de Craon",
      "location": "Craon, Pays de la Loire",
      "confidence": 0.30000000000000004,
      "flags": [
        "GENERIC_PATTERN",
        "NO_IMAGE",
        "GENERIC_INFO"
      ]
    },
    {
      "id": 4848,
      "name": "Musée des Arts décoratifs de Ancy-le-Franc",
      "location": "Ancy-le-Franc, Bourgogne-Franche-Comté",
      "confidence": 0.30000000000000004,
      "flags": [
        "GENERIC_PATTERN",
        "NO_IMAGE",
        "GENERIC_INFO"
      ]
    },
    {
      "id": 4926,
      "name": "Musée des Arts décoratifs de Druyes-les-Belles-Fontaines",
      "location": "Druyes-les-Belles-Fontaines, Bourgogne-Franche-Comté",
      "confidence": 0.30000000000000004,
      "flags": [
        "GENERIC_PATTERN",
        "NO_IMAGE",
        "GENERIC_INFO"
      ]
    },
    {
      "id": 4964,
      "name": "Musée des Arts décoratifs de Crémieu",
      "location": "Crémieu, Auvergne-Rhône-Alpes",
      "confidence": 0.30000000000000004,
      "flags": [
        "GENERIC_PATTERN",
        "NO_IMAGE",
        "GENERIC_INFO"
      ]
    },
    {
      "id": 4984,
      "name": "Musée des Arts décoratifs de Pont-en-Royans",
      "location": "Pont-en-Royans, Auvergne-Rhône-Alpes",
      "confidence": 0.30000000000000004,
      "flags": [
        "GENERIC_PATTERN",
        "NO_IMAGE",
        "GENERIC_INFO"
      ]
    },
    {
      "id": 4994,
      "name": "Musée des Arts décoratifs de Die",
      "location": "Die, Auvergne-Rhône-Alpes",
      "confidence": 0.30000000000000004,
      "flags": [
        "GENERIC_PATTERN",
        "NO_IMAGE",
        "GENERIC_INFO"
      ]
    },
    {
      "id": 5049,
      "name": "Musée des Arts décoratifs de Balazuc",
      "location": "Balazuc, Auvergne-Rhône-Alpes",
      "confidence": 0.30000000000000004,
      "flags": [
        "GENERIC_PATTERN",
        "NO_IMAGE",
        "GENERIC_INFO"
      ]
    },
    {
      "id": 5107,
      "name": "Musée des Arts décoratifs de Piriac-sur-Mer",
      "location": "Piriac-sur-Mer, Pays de la Loire",
      "confidence": 0.30000000000000004,
      "flags": [
        "GENERIC_PATTERN",
        "NO_IMAGE",
        "GENERIC_INFO"
      ]
    }
  ],
  "toKeep": [
    {
      "id": 1,
      "name": "Musée d'Art moderne de Paris",
      "location": "Paris, Île-de-France",
      "confidence": 0.8,
      "flags": [
        "NO_IMAGE",
        "GENERIC_INFO"
      ]
    },
    {
      "id": 16,
      "name": "Musée d'Art et d'Histoire de Saint-Denis",
      "location": "Saint-Denis, Île-de-France",
      "confidence": 0.8,
      "flags": [
        "NO_IMAGE",
        "GENERIC_INFO"
      ]
    },
    {
      "id": 270,
      "name": "Musée archéologique de Grenoble",
      "location": "Grenoble, Auvergne-Rhône-Alpes",
      "confidence": 0.8,
      "flags": [
        "NO_IMAGE",
        "GENERIC_INFO"
      ]
    },
    {
      "id": 1323,
      "name": "Musée archéologique de Dijon",
      "location": "Dijon, Bourgogne-Franche-Comté",
      "confidence": 0.8,
      "flags": [
        "NO_IMAGE",
        "GENERIC_INFO"
      ]
    },
    {
      "id": 2749,
      "name": "Musée d'Art et d'Histoire de Cholet",
      "location": "Cholet, Pays de la Loire",
      "confidence": 0.8,
      "flags": [
        "NO_IMAGE",
        "GENERIC_INFO"
      ]
    }
  ],
  "fullValidations": [
    {
      "id": 1,
      "name": "Musée d'Art moderne de Paris",
      "location": "Paris, Île-de-France",
      "coordinates": {
        "lat": 48.85151,
        "lng": 2.34715
      },
      "flags": [
        "NO_IMAGE",
        "GENERIC_INFO"
      ],
      "confidence": 0.8,
      "recommendation": "KEEP"
    },
    {
      "id": 16,
      "name": "Musée d'Art et d'Histoire de Saint-Denis",
      "location": "Saint-Denis, Île-de-France",
      "coordinates": {
        "lat": 48.92705,
        "lng": 2.36032
      },
      "flags": [
        "NO_IMAGE",
        "GENERIC_INFO"
      ],
      "confidence": 0.8,
      "recommendation": "KEEP"
    },
    {
      "id": 34,
      "name": "Musée des Arts décoratifs de Meaux",
      "location": "Meaux, Île-de-France",
      "coordinates": {
        "lat": 48.96956,
        "lng": 2.87024
      },
      "flags": [
        "GENERIC_PATTERN",
        "NO_IMAGE",
        "GENERIC_INFO"
      ],
      "confidence": 0.30000000000000004,
      "recommendation": "REVIEW"
    },
    {
      "id": 63,
      "name": "Musée des Arts décoratifs de Vincennes",
      "location": "Vincennes, Île-de-France",
      "coordinates": {
        "lat": 48.83911,
        "lng": 2.44059
      },
      "flags": [
        "GENERIC_PATTERN",
        "NO_IMAGE",
        "GENERIC_INFO"
      ],
      "confidence": 0.30000000000000004,
      "recommendation": "REVIEW"
    },
    {
      "id": 105,
      "name": "Musée des Arts décoratifs de Malmaison",
      "location": "Malmaison, Île-de-France",
      "coordinates": {
        "lat": 48.86927,
        "lng": 2.17614
      },
      "flags": [
        "GENERIC_PATTERN",
        "NAME_DESC_INCONSISTENCY",
        "NO_IMAGE",
        "GENERIC_INFO"
      ],
      "confidence": 0,
      "recommendation": "DELETE"
    },
    {
      "id": 125,
      "name": "Musée des Arts décoratifs de Nice",
      "location": "Nice, Provence-Alpes-Côte d'Azur",
      "coordinates": {
        "lat": 43.71433,
        "lng": 7.25346
      },
      "flags": [
        "GENERIC_PATTERN",
        "NO_IMAGE",
        "GENERIC_INFO"
      ],
      "confidence": 0.30000000000000004,
      "recommendation": "REVIEW"
    },
    {
      "id": 154,
      "name": "Musée des Arts décoratifs de Arles",
      "location": "Arles, Provence-Alpes-Côte d'Azur",
      "coordinates": {
        "lat": 43.66725,
        "lng": 4.62293
      },
      "flags": [
        "GENERIC_PATTERN",
        "NO_IMAGE",
        "GENERIC_INFO"
      ],
      "confidence": 0.30000000000000004,
      "recommendation": "REVIEW"
    },
    {
      "id": 200,
      "name": "Musée des Arts décoratifs de Orange",
      "location": "Orange, Provence-Alpes-Côte d'Azur",
      "coordinates": {
        "lat": 44.14733,
        "lng": 4.80256
      },
      "flags": [
        "GENERIC_PATTERN",
        "NO_IMAGE",
        "GENERIC_INFO"
      ],
      "confidence": 0.30000000000000004,
      "recommendation": "REVIEW"
    },
    {
      "id": 209,
      "name": "Musée des Arts décoratifs de Saint-Rémy-de-Provence",
      "location": "Saint-Rémy-de-Provence, Provence-Alpes-Côte d'Azur",
      "coordinates": {
        "lat": 43.7931,
        "lng": 4.82454
      },
      "flags": [
        "GENERIC_PATTERN",
        "NAME_DESC_INCONSISTENCY",
        "NO_IMAGE",
        "GENERIC_INFO"
      ],
      "confidence": 0,
      "recommendation": "DELETE"
    },
    {
      "id": 231,
      "name": "Musée des Arts décoratifs de Gap",
      "location": "Gap, Provence-Alpes-Côte d'Azur",
      "coordinates": {
        "lat": 44.55215,
        "lng": 6.07305
      },
      "flags": [
        "GENERIC_PATTERN",
        "NO_IMAGE",
        "GENERIC_INFO"
      ],
      "confidence": 0.30000000000000004,
      "recommendation": "REVIEW"
    },
    {
      "id": 270,
      "name": "Musée archéologique de Grenoble",
      "location": "Grenoble, Auvergne-Rhône-Alpes",
      "coordinates": {
        "lat": 45.19067,
        "lng": 5.72297
      },
      "flags": [
        "NO_IMAGE",
        "GENERIC_INFO"
      ],
      "confidence": 0.8,
      "recommendation": "KEEP"
    },
    {
      "id": 290,
      "name": "Musée des Arts décoratifs de Clermont-Ferrand",
      "location": "Clermont-Ferrand, Auvergne-Rhône-Alpes",
      "coordinates": {
        "lat": 45.78007,
        "lng": 3.09013
      },
      "flags": [
        "GENERIC_PATTERN",
        "NO_IMAGE",
        "GENERIC_INFO"
      ],
      "confidence": 0.30000000000000004,
      "recommendation": "REVIEW"
    },
    {
      "id": 315,
      "name": "Musée des Beaux-Arts de Chambéry",
      "location": "Chambéry, Auvergne-Rhône-Alpes",
      "coordinates": {
        "lat": 45.56423,
        "lng": 5.91173
      },
      "flags": [
        "GENERIC_PATTERN",
        "NO_IMAGE",
        "GENERIC_INFO"
      ],
      "confidence": 0.30000000000000004,
      "recommendation": "REVIEW"
    },
    {
      "id": 333,
      "name": "Musée des Arts décoratifs de Le Puy-en-Velay",
      "location": "Le Puy-en-Velay, Auvergne-Rhône-Alpes",
      "coordinates": {
        "lat": 45.04882,
        "lng": 3.8766
      },
      "flags": [
        "GENERIC_PATTERN",
        "NAME_DESC_INCONSISTENCY",
        "NO_IMAGE",
        "GENERIC_INFO"
      ],
      "confidence": 0,
      "recommendation": "DELETE"
    },
    {
      "id": 388,
      "name": "Musée des Arts décoratifs de Limoges",
      "location": "Limoges, Nouvelle-Aquitaine",
      "coordinates": {
        "lat": 45.83396,
        "lng": 1.26706
      },
      "flags": [
        "GENERIC_PATTERN",
        "NO_IMAGE",
        "GENERIC_INFO"
      ],
      "confidence": 0.30000000000000004,
      "recommendation": "REVIEW"
    },
    {
      "id": 410,
      "name": "Musée des Arts décoratifs de Pau",
      "location": "Pau, Nouvelle-Aquitaine",
      "coordinates": {
        "lat": 43.29719,
        "lng": -0.36116
      },
      "flags": [
        "GENERIC_PATTERN",
        "NO_IMAGE",
        "GENERIC_INFO"
      ],
      "confidence": 0.30000000000000004,
      "recommendation": "REVIEW"
    },
    {
      "id": 421,
      "name": "Musée des Arts décoratifs de Angoulême",
      "location": "Angoulême, Nouvelle-Aquitaine",
      "coordinates": {
        "lat": 45.64133,
        "lng": 0.15684
      },
      "flags": [
        "GENERIC_PATTERN",
        "NO_IMAGE",
        "GENERIC_INFO"
      ],
      "confidence": 0.30000000000000004,
      "recommendation": "REVIEW"
    },
    {
      "id": 488,
      "name": "Musée des Arts décoratifs de Rochefort",
      "location": "Rochefort, Nouvelle-Aquitaine",
      "coordinates": {
        "lat": 45.94839,
        "lng": -0.95916
      },
      "flags": [
        "GENERIC_PATTERN",
        "NO_IMAGE",
        "GENERIC_INFO"
      ],
      "confidence": 0.30000000000000004,
      "recommendation": "REVIEW"
    },
    {
      "id": 495,
      "name": "Musée des Arts décoratifs de Brive-la-Gaillarde",
      "location": "Brive-la-Gaillarde, Nouvelle-Aquitaine",
      "coordinates": {
        "lat": 45.14974,
        "lng": 1.53716
      },
      "flags": [
        "GENERIC_PATTERN",
        "NO_IMAGE",
        "GENERIC_INFO"
      ],
      "confidence": 0.30000000000000004,
      "recommendation": "REVIEW"
    },
    {
      "id": 526,
      "name": "Musée des Arts décoratifs de Nîmes",
      "location": "Nîmes, Occitanie",
      "coordinates": {
        "lat": 43.83983,
        "lng": 4.35398
      },
      "flags": [
        "GENERIC_PATTERN",
        "NO_IMAGE",
        "GENERIC_INFO"
      ],
      "confidence": 0.30000000000000004,
      "recommendation": "REVIEW"
    },
    {
      "id": 578,
      "name": "Musée des Arts décoratifs de Auch",
      "location": "Auch, Occitanie",
      "coordinates": {
        "lat": 43.65342,
        "lng": 0.57892
      },
      "flags": [
        "GENERIC_PATTERN",
        "NAME_DESC_INCONSISTENCY",
        "NO_IMAGE",
        "GENERIC_INFO"
      ],
      "confidence": 0,
      "recommendation": "DELETE"
    },
    {
      "id": 602,
      "name": "Musée des Arts décoratifs de Mende",
      "location": "Mende, Occitanie",
      "coordinates": {
        "lat": 44.51522,
        "lng": 3.50848
      },
      "flags": [
        "GENERIC_PATTERN",
        "NAME_DESC_INCONSISTENCY",
        "NO_IMAGE",
        "GENERIC_INFO"
      ],
      "confidence": 0,
      "recommendation": "DELETE"
    },
    {
      "id": 609,
      "name": "Musée des Arts décoratifs de Foix",
      "location": "Foix, Occitanie",
      "coordinates": {
        "lat": 42.96935,
        "lng": 1.60637
      },
      "flags": [
        "GENERIC_PATTERN",
        "NAME_DESC_INCONSISTENCY",
        "NO_IMAGE",
        "GENERIC_INFO"
      ],
      "confidence": 0,
      "recommendation": "DELETE"
    },
    {
      "id": 683,
      "name": "Musée des Arts décoratifs de Mulhouse",
      "location": "Mulhouse, Grand Est",
      "coordinates": {
        "lat": 47.75722,
        "lng": 7.32729
      },
      "flags": [
        "GENERIC_PATTERN",
        "NO_IMAGE",
        "GENERIC_INFO"
      ],
      "confidence": 0.30000000000000004,
      "recommendation": "REVIEW"
    },
    {
      "id": 735,
      "name": "Musée des Arts décoratifs de Sélestat",
      "location": "Sélestat, Grand Est",
      "coordinates": {
        "lat": 48.25095,
        "lng": 7.45293
      },
      "flags": [
        "GENERIC_PATTERN",
        "NO_IMAGE",
        "GENERIC_INFO"
      ],
      "confidence": 0.30000000000000004,
      "recommendation": "REVIEW"
    },
    {
      "id": 744,
      "name": "Musée des Arts décoratifs de Haguenau",
      "location": "Haguenau, Grand Est",
      "coordinates": {
        "lat": 48.81287,
        "lng": 7.79808
      },
      "flags": [
        "GENERIC_PATTERN",
        "NO_IMAGE",
        "GENERIC_INFO"
      ],
      "confidence": 0.30000000000000004,
      "recommendation": "REVIEW"
    },
    {
      "id": 754,
      "name": "Musée des Arts décoratifs de Saverne",
      "location": "Saverne, Grand Est",
      "coordinates": {
        "lat": 48.74335,
        "lng": 7.36658
      },
      "flags": [
        "GENERIC_PATTERN",
        "NO_IMAGE",
        "GENERIC_INFO"
      ],
      "confidence": 0.30000000000000004,
      "recommendation": "REVIEW"
    },
    {
      "id": 814,
      "name": "Musée des Arts décoratifs de Laon",
      "location": "Laon, Hauts-de-France",
      "coordinates": {
        "lat": 49.55978,
        "lng": 3.61638
      },
      "flags": [
        "GENERIC_PATTERN",
        "NO_IMAGE",
        "GENERIC_INFO"
      ],
      "confidence": 0.30000000000000004,
      "recommendation": "REVIEW"
    },
    {
      "id": 843,
      "name": "Musée des Arts décoratifs de Boulogne-sur-Mer",
      "location": "Boulogne-sur-Mer, Hauts-de-France",
      "coordinates": {
        "lat": 50.72063,
        "lng": 1.62239
      },
      "flags": [
        "GENERIC_PATTERN",
        "NO_IMAGE",
        "GENERIC_INFO"
      ],
      "confidence": 0.30000000000000004,
      "recommendation": "REVIEW"
    },
    {
      "id": 868,
      "name": "Musée des Arts décoratifs de Senlis",
      "location": "Senlis, Hauts-de-France",
      "coordinates": {
        "lat": 49.2069,
        "lng": 2.58972
      },
      "flags": [
        "GENERIC_PATTERN",
        "NO_IMAGE",
        "GENERIC_INFO"
      ],
      "confidence": 0.30000000000000004,
      "recommendation": "REVIEW"
    },
    {
      "id": 886,
      "name": "Musée des Arts décoratifs de Chantilly",
      "location": "Chantilly, Hauts-de-France",
      "coordinates": {
        "lat": 49.20434,
        "lng": 2.47738
      },
      "flags": [
        "GENERIC_PATTERN",
        "NO_IMAGE",
        "GENERIC_INFO"
      ],
      "confidence": 0.30000000000000004,
      "recommendation": "REVIEW"
    },
    {
      "id": 896,
      "name": "Musée des Arts décoratifs de Pierrefonds",
      "location": "Pierrefonds, Hauts-de-France",
      "coordinates": {
        "lat": 49.35642,
        "lng": 2.98797
      },
      "flags": [
        "GENERIC_PATTERN",
        "NAME_DESC_INCONSISTENCY",
        "NO_IMAGE",
        "GENERIC_INFO"
      ],
      "confidence": 0,
      "recommendation": "DELETE"
    },
    {
      "id": 904,
      "name": "Musée des Arts décoratifs de Rennes",
      "location": "Rennes, Bretagne",
      "coordinates": {
        "lat": 48.11103,
        "lng": -1.67199
      },
      "flags": [
        "GENERIC_PATTERN",
        "NAME_DESC_INCONSISTENCY",
        "NO_IMAGE",
        "GENERIC_INFO"
      ],
      "confidence": 0,
      "recommendation": "DELETE"
    },
    {
      "id": 970,
      "name": "Musée des Arts décoratifs de Concarneau",
      "location": "Concarneau, Bretagne",
      "coordinates": {
        "lat": 47.86547,
        "lng": -3.91375
      },
      "flags": [
        "GENERIC_PATTERN",
        "NO_IMAGE",
        "GENERIC_INFO"
      ],
      "confidence": 0.30000000000000004,
      "recommendation": "REVIEW"
    },
    {
      "id": 1012,
      "name": "Musée des Arts décoratifs de Caen",
      "location": "Caen, Normandie",
      "coordinates": {
        "lat": 49.18475,
        "lng": -0.3649
      },
      "flags": [
        "GENERIC_PATTERN",
        "NAME_DESC_INCONSISTENCY",
        "NO_IMAGE",
        "GENERIC_INFO"
      ],
      "confidence": 0,
      "recommendation": "DELETE"
    },
    {
      "id": 1013,
      "name": "Musée des Beaux-Arts de Caen",
      "location": "Caen, Normandie",
      "coordinates": {
        "lat": 49.17748,
        "lng": -0.37787
      },
      "flags": [
        "GENERIC_PATTERN",
        "NO_IMAGE",
        "GENERIC_INFO"
      ],
      "confidence": 0.30000000000000004,
      "recommendation": "REVIEW"
    },
    {
      "id": 1040,
      "name": "Musée des Arts décoratifs de Bayeux",
      "location": "Bayeux, Normandie",
      "coordinates": {
        "lat": 49.27901,
        "lng": -0.69978
      },
      "flags": [
        "GENERIC_PATTERN",
        "NAME_DESC_INCONSISTENCY",
        "NO_IMAGE",
        "GENERIC_INFO"
      ],
      "confidence": 0,
      "recommendation": "DELETE"
    },
    {
      "id": 1099,
      "name": "Musée des Arts décoratifs de Falaise",
      "location": "Falaise, Normandie",
      "coordinates": {
        "lat": 48.90117,
        "lng": -0.19735
      },
      "flags": [
        "GENERIC_PATTERN",
        "NO_IMAGE",
        "GENERIC_INFO"
      ],
      "confidence": 0.30000000000000004,
      "recommendation": "REVIEW"
    },
    {
      "id": 1152,
      "name": "Musée des Arts décoratifs de Saint-Nazaire",
      "location": "Saint-Nazaire, Pays de la Loire",
      "coordinates": {
        "lat": 47.28198,
        "lng": -2.21702
      },
      "flags": [
        "GENERIC_PATTERN",
        "NO_IMAGE",
        "GENERIC_INFO"
      ],
      "confidence": 0.30000000000000004,
      "recommendation": "REVIEW"
    },
    {
      "id": 1160,
      "name": "Musée des Arts décoratifs de Saumur",
      "location": "Saumur, Pays de la Loire",
      "coordinates": {
        "lat": 47.25434,
        "lng": -0.07399
      },
      "flags": [
        "GENERIC_PATTERN",
        "NO_IMAGE",
        "GENERIC_INFO"
      ],
      "confidence": 0.30000000000000004,
      "recommendation": "REVIEW"
    },
    {
      "id": 1256,
      "name": "Musée des Arts décoratifs de Amboise",
      "location": "Amboise, Centre-Val de Loire",
      "coordinates": {
        "lat": 47.42011,
        "lng": 0.97543
      },
      "flags": [
        "GENERIC_PATTERN",
        "NAME_DESC_INCONSISTENCY",
        "NO_IMAGE",
        "GENERIC_INFO"
      ],
      "confidence": 0,
      "recommendation": "DELETE"
    },
    {
      "id": 1292,
      "name": "Musée des Arts décoratifs de Vendôme",
      "location": "Vendôme, Centre-Val de Loire",
      "coordinates": {
        "lat": 47.78446,
        "lng": 1.06165
      },
      "flags": [
        "GENERIC_PATTERN",
        "NO_IMAGE",
        "GENERIC_INFO"
      ],
      "confidence": 0.30000000000000004,
      "recommendation": "REVIEW"
    },
    {
      "id": 1323,
      "name": "Musée archéologique de Dijon",
      "location": "Dijon, Bourgogne-Franche-Comté",
      "coordinates": {
        "lat": 47.31918,
        "lng": 5.05089
      },
      "flags": [
        "NO_IMAGE",
        "GENERIC_INFO"
      ],
      "confidence": 0.8,
      "recommendation": "KEEP"
    },
    {
      "id": 1477,
      "name": "Musée des Arts décoratifs de Calvi",
      "location": "Calvi, Corse",
      "coordinates": {
        "lat": 42.56721,
        "lng": 8.764
      },
      "flags": [
        "GENERIC_PATTERN",
        "NO_IMAGE",
        "GENERIC_INFO"
      ],
      "confidence": 0.30000000000000004,
      "recommendation": "REVIEW"
    },
    {
      "id": 1492,
      "name": "Musée des Arts décoratifs de Figeac",
      "location": "Figeac, Occitanie",
      "coordinates": {
        "lat": 44.60566,
        "lng": 2.03787
      },
      "flags": [
        "GENERIC_PATTERN",
        "NO_IMAGE",
        "GENERIC_INFO"
      ],
      "confidence": 0.30000000000000004,
      "recommendation": "REVIEW"
    },
    {
      "id": 1511,
      "name": "Musée des Arts décoratifs de Sisteron",
      "location": "Sisteron, Provence-Alpes-Côte d'Azur",
      "coordinates": {
        "lat": 44.19361,
        "lng": 5.95093
      },
      "flags": [
        "GENERIC_PATTERN",
        "NO_IMAGE",
        "GENERIC_INFO"
      ],
      "confidence": 0.30000000000000004,
      "recommendation": "REVIEW"
    },
    {
      "id": 1520,
      "name": "Musée des Arts décoratifs de Les Baux-de-Provence",
      "location": "Les Baux-de-Provence, Provence-Alpes-Côte d'Azur",
      "coordinates": {
        "lat": 43.74322,
        "lng": 4.79186
      },
      "flags": [
        "GENERIC_PATTERN",
        "NAME_DESC_INCONSISTENCY",
        "NO_IMAGE",
        "GENERIC_INFO"
      ],
      "confidence": 0,
      "recommendation": "DELETE"
    },
    {
      "id": 1584,
      "name": "Musée des Arts décoratifs de Pézenas",
      "location": "Pézenas, Occitanie",
      "coordinates": {
        "lat": 43.46283,
        "lng": 3.42296
      },
      "flags": [
        "GENERIC_PATTERN",
        "NAME_DESC_INCONSISTENCY",
        "NO_IMAGE",
        "GENERIC_INFO"
      ],
      "confidence": 0,
      "recommendation": "DELETE"
    },
    {
      "id": 1723,
      "name": "Musée des Arts décoratifs de Manosque",
      "location": "Manosque, Provence-Alpes-Côte d'Azur",
      "coordinates": {
        "lat": 43.83996,
        "lng": 5.78853
      },
      "flags": [
        "GENERIC_PATTERN",
        "NO_IMAGE",
        "GENERIC_INFO"
      ],
      "confidence": 0.30000000000000004,
      "recommendation": "REVIEW"
    },
    {
      "id": 1730,
      "name": "Musée des Arts décoratifs de Forcalquier",
      "location": "Forcalquier, Provence-Alpes-Côte d'Azur",
      "coordinates": {
        "lat": 43.96303,
        "lng": 5.77847
      },
      "flags": [
        "GENERIC_PATTERN",
        "NO_IMAGE",
        "GENERIC_INFO"
      ],
      "confidence": 0.30000000000000004,
      "recommendation": "REVIEW"
    },
    {
      "id": 1755,
      "name": "Musée des Arts décoratifs de Vaison-la-Romaine",
      "location": "Vaison-la-Romaine, Provence-Alpes-Côte d'Azur",
      "coordinates": {
        "lat": 44.24076,
        "lng": 5.07446
      },
      "flags": [
        "GENERIC_PATTERN",
        "NO_IMAGE",
        "GENERIC_INFO"
      ],
      "confidence": 0.30000000000000004,
      "recommendation": "REVIEW"
    },
    {
      "id": 1766,
      "name": "Musée des Arts décoratifs de Tarascon",
      "location": "Tarascon, Provence-Alpes-Côte d'Azur",
      "coordinates": {
        "lat": 43.80741,
        "lng": 4.65834
      },
      "flags": [
        "GENERIC_PATTERN",
        "NO_IMAGE",
        "GENERIC_INFO"
      ],
      "confidence": 0.30000000000000004,
      "recommendation": "REVIEW"
    },
    {
      "id": 1773,
      "name": "Musée des Arts décoratifs de Istres",
      "location": "Istres, Provence-Alpes-Côte d'Azur",
      "coordinates": {
        "lat": 43.52099,
        "lng": 4.99176
      },
      "flags": [
        "GENERIC_PATTERN",
        "NO_IMAGE",
        "GENERIC_INFO"
      ],
      "confidence": 0.30000000000000004,
      "recommendation": "REVIEW"
    },
    {
      "id": 1789,
      "name": "Musée des Arts décoratifs de La Ciotat",
      "location": "La Ciotat, Provence-Alpes-Côte d'Azur",
      "coordinates": {
        "lat": 43.16497,
        "lng": 5.61104
      },
      "flags": [
        "GENERIC_PATTERN",
        "NO_IMAGE",
        "GENERIC_INFO"
      ],
      "confidence": 0.30000000000000004,
      "recommendation": "REVIEW"
    },
    {
      "id": 1806,
      "name": "Musée des Arts décoratifs de Aubagne",
      "location": "Aubagne, Provence-Alpes-Côte d'Azur",
      "coordinates": {
        "lat": 43.28269,
        "lng": 5.56745
      },
      "flags": [
        "GENERIC_PATTERN",
        "NAME_DESC_INCONSISTENCY",
        "NO_IMAGE",
        "GENERIC_INFO"
      ],
      "confidence": 0,
      "recommendation": "DELETE"
    },
    {
      "id": 1849,
      "name": "Musée des Arts décoratifs de Chamonix",
      "location": "Chamonix, Auvergne-Rhône-Alpes",
      "coordinates": {
        "lat": 45.91492,
        "lng": 6.86889
      },
      "flags": [
        "GENERIC_PATTERN",
        "NO_IMAGE",
        "GENERIC_INFO"
      ],
      "confidence": 0.30000000000000004,
      "recommendation": "REVIEW"
    },
    {
      "id": 1965,
      "name": "Musée des Arts décoratifs de Dax",
      "location": "Dax, Nouvelle-Aquitaine",
      "coordinates": {
        "lat": 43.71058,
        "lng": -1.06218
      },
      "flags": [
        "GENERIC_PATTERN",
        "NO_IMAGE",
        "GENERIC_INFO"
      ],
      "confidence": 0.30000000000000004,
      "recommendation": "REVIEW"
    },
    {
      "id": 2074,
      "name": "Musée des Arts décoratifs de Hendaye",
      "location": "Hendaye, Nouvelle-Aquitaine",
      "coordinates": {
        "lat": 43.34934,
        "lng": -1.76848
      },
      "flags": [
        "GENERIC_PATTERN",
        "NO_IMAGE",
        "GENERIC_INFO"
      ],
      "confidence": 0.30000000000000004,
      "recommendation": "REVIEW"
    },
    {
      "id": 2082,
      "name": "Musée des Arts décoratifs de Uzerche",
      "location": "Uzerche, Nouvelle-Aquitaine",
      "coordinates": {
        "lat": 45.43294,
        "lng": 1.55902
      },
      "flags": [
        "GENERIC_PATTERN",
        "NO_IMAGE",
        "GENERIC_INFO"
      ],
      "confidence": 0.30000000000000004,
      "recommendation": "REVIEW"
    },
    {
      "id": 2143,
      "name": "Musée des Arts décoratifs de Agde",
      "location": "Agde, Occitanie",
      "coordinates": {
        "lat": 43.30622,
        "lng": 3.46657
      },
      "flags": [
        "GENERIC_PATTERN",
        "NAME_DESC_INCONSISTENCY",
        "NO_IMAGE",
        "GENERIC_INFO"
      ],
      "confidence": 0,
      "recommendation": "DELETE"
    },
    {
      "id": 2181,
      "name": "Musée des Arts décoratifs de Font-Romeu",
      "location": "Font-Romeu, Occitanie",
      "coordinates": {
        "lat": 42.50728,
        "lng": 2.03973
      },
      "flags": [
        "GENERIC_PATTERN",
        "NO_IMAGE",
        "GENERIC_INFO"
      ],
      "confidence": 0.30000000000000004,
      "recommendation": "REVIEW"
    },
    {
      "id": 2205,
      "name": "Musée des Arts décoratifs de Le Vigan",
      "location": "Le Vigan, Occitanie",
      "coordinates": {
        "lat": 43.9913,
        "lng": 3.59963
      },
      "flags": [
        "GENERIC_PATTERN",
        "NAME_DESC_INCONSISTENCY",
        "NO_IMAGE",
        "GENERIC_INFO"
      ],
      "confidence": 0,
      "recommendation": "DELETE"
    },
    {
      "id": 2296,
      "name": "Musée des Arts décoratifs de Wissembourg",
      "location": "Wissembourg, Grand Est",
      "coordinates": {
        "lat": 49.04073,
        "lng": 7.95148
      },
      "flags": [
        "GENERIC_PATTERN",
        "NAME_DESC_INCONSISTENCY",
        "NO_IMAGE",
        "GENERIC_INFO"
      ],
      "confidence": 0,
      "recommendation": "DELETE"
    },
    {
      "id": 2350,
      "name": "Musée des Arts décoratifs de Chaumont",
      "location": "Chaumont, Grand Est",
      "coordinates": {
        "lat": 48.1146,
        "lng": 5.13698
      },
      "flags": [
        "GENERIC_PATTERN",
        "NO_IMAGE",
        "GENERIC_INFO"
      ],
      "confidence": 0.30000000000000004,
      "recommendation": "REVIEW"
    },
    {
      "id": 2387,
      "name": "Musée des Arts décoratifs de Abbeville",
      "location": "Abbeville, Hauts-de-France",
      "coordinates": {
        "lat": 50.1068,
        "lng": 1.8419
      },
      "flags": [
        "GENERIC_PATTERN",
        "NO_IMAGE",
        "GENERIC_INFO"
      ],
      "confidence": 0.30000000000000004,
      "recommendation": "REVIEW"
    },
    {
      "id": 2428,
      "name": "Musée des Beaux-Arts de Cambrai",
      "location": "Cambrai, Hauts-de-France",
      "coordinates": {
        "lat": 50.17945,
        "lng": 3.23002
      },
      "flags": [
        "GENERIC_PATTERN",
        "NO_IMAGE",
        "GENERIC_INFO"
      ],
      "confidence": 0.30000000000000004,
      "recommendation": "REVIEW"
    },
    {
      "id": 2439,
      "name": "Musée des Beaux-Arts de Valenciennes",
      "location": "Valenciennes, Hauts-de-France",
      "coordinates": {
        "lat": 50.35361,
        "lng": 3.52469
      },
      "flags": [
        "GENERIC_PATTERN",
        "NO_IMAGE",
        "GENERIC_INFO"
      ],
      "confidence": 0.30000000000000004,
      "recommendation": "REVIEW"
    },
    {
      "id": 2452,
      "name": "Musée des Arts décoratifs de Le Touquet",
      "location": "Le Touquet, Hauts-de-France",
      "coordinates": {
        "lat": 50.51601,
        "lng": 1.58805
      },
      "flags": [
        "GENERIC_PATTERN",
        "NO_IMAGE",
        "GENERIC_INFO"
      ],
      "confidence": 0.30000000000000004,
      "recommendation": "REVIEW"
    },
    {
      "id": 2511,
      "name": "Musée des Arts décoratifs de Roscoff",
      "location": "Roscoff, Bretagne",
      "coordinates": {
        "lat": 48.72513,
        "lng": -3.98793
      },
      "flags": [
        "GENERIC_PATTERN",
        "NO_IMAGE",
        "GENERIC_INFO"
      ],
      "confidence": 0.30000000000000004,
      "recommendation": "REVIEW"
    },
    {
      "id": 2555,
      "name": "Musée des Arts décoratifs de Pontivy",
      "location": "Pontivy, Bretagne",
      "coordinates": {
        "lat": 48.06962,
        "lng": -2.96006
      },
      "flags": [
        "GENERIC_PATTERN",
        "NO_IMAGE",
        "GENERIC_INFO"
      ],
      "confidence": 0.30000000000000004,
      "recommendation": "REVIEW"
    },
    {
      "id": 2586,
      "name": "Musée des Arts décoratifs de Locronan",
      "location": "Locronan, Bretagne",
      "coordinates": {
        "lat": 48.09409,
        "lng": -4.21146
      },
      "flags": [
        "GENERIC_PATTERN",
        "NO_IMAGE",
        "GENERIC_INFO"
      ],
      "confidence": 0.30000000000000004,
      "recommendation": "REVIEW"
    },
    {
      "id": 2609,
      "name": "Musée des Arts décoratifs de Étretat",
      "location": "Étretat, Normandie",
      "coordinates": {
        "lat": 49.7071,
        "lng": 0.199
      },
      "flags": [
        "GENERIC_PATTERN",
        "NO_IMAGE",
        "GENERIC_INFO"
      ],
      "confidence": 0.30000000000000004,
      "recommendation": "REVIEW"
    },
    {
      "id": 2749,
      "name": "Musée d'Art et d'Histoire de Cholet",
      "location": "Cholet, Pays de la Loire",
      "coordinates": {
        "lat": 47.05089,
        "lng": -0.88085
      },
      "flags": [
        "NO_IMAGE",
        "GENERIC_INFO"
      ],
      "confidence": 0.8,
      "recommendation": "KEEP"
    },
    {
      "id": 2758,
      "name": "Musée des Arts décoratifs de Clisson",
      "location": "Clisson, Pays de la Loire",
      "coordinates": {
        "lat": 47.08725,
        "lng": -1.27744
      },
      "flags": [
        "GENERIC_PATTERN",
        "NAME_DESC_INCONSISTENCY",
        "NO_IMAGE",
        "GENERIC_INFO"
      ],
      "confidence": 0,
      "recommendation": "DELETE"
    },
    {
      "id": 2792,
      "name": "Musée des Arts décoratifs de Sainte-Suzanne",
      "location": "Sainte-Suzanne, Pays de la Loire",
      "coordinates": {
        "lat": 48.10399,
        "lng": -0.34958
      },
      "flags": [
        "GENERIC_PATTERN",
        "NO_IMAGE",
        "GENERIC_INFO"
      ],
      "confidence": 0.30000000000000004,
      "recommendation": "REVIEW"
    },
    {
      "id": 2876,
      "name": "Musée des Arts décoratifs de Saint-Amand-Montrond",
      "location": "Saint-Amand-Montrond, Centre-Val de Loire",
      "coordinates": {
        "lat": 46.73286,
        "lng": 2.51183
      },
      "flags": [
        "GENERIC_PATTERN",
        "NAME_DESC_INCONSISTENCY",
        "NO_IMAGE",
        "GENERIC_INFO"
      ],
      "confidence": 0,
      "recommendation": "DELETE"
    },
    {
      "id": 2894,
      "name": "Musée des Arts décoratifs de Tournus",
      "location": "Tournus, Bourgogne-Franche-Comté",
      "coordinates": {
        "lat": 46.55801,
        "lng": 4.91644
      },
      "flags": [
        "GENERIC_PATTERN",
        "NO_IMAGE",
        "GENERIC_INFO"
      ],
      "confidence": 0.30000000000000004,
      "recommendation": "REVIEW"
    },
    {
      "id": 2976,
      "name": "Musée des Arts décoratifs de Lons-le-Saunier",
      "location": "Lons-le-Saunier, Bourgogne-Franche-Comté",
      "coordinates": {
        "lat": 46.67853,
        "lng": 5.55564
      },
      "flags": [
        "GENERIC_PATTERN",
        "NAME_DESC_INCONSISTENCY",
        "NO_IMAGE",
        "GENERIC_INFO"
      ],
      "confidence": 0,
      "recommendation": "DELETE"
    },
    {
      "id": 3060,
      "name": "Musée des Arts décoratifs de Cayenne",
      "location": "Cayenne, Guyane",
      "coordinates": {
        "lat": 4.94092,
        "lng": -52.33191
      },
      "flags": [
        "GENERIC_PATTERN",
        "NO_IMAGE",
        "GENERIC_INFO"
      ],
      "confidence": 0.30000000000000004,
      "recommendation": "REVIEW"
    },
    {
      "id": 3104,
      "name": "Musée des Arts décoratifs de Ax-les-Thermes",
      "location": "Ax-les-Thermes, Occitanie",
      "coordinates": {
        "lat": 42.72291,
        "lng": 1.83947
      },
      "flags": [
        "GENERIC_PATTERN",
        "NO_IMAGE",
        "GENERIC_INFO"
      ],
      "confidence": 0.30000000000000004,
      "recommendation": "REVIEW"
    },
    {
      "id": 3119,
      "name": "Musée des Arts décoratifs de Le Mont-Dore",
      "location": "Le Mont-Dore, Auvergne-Rhône-Alpes",
      "coordinates": {
        "lat": 45.56912,
        "lng": 2.8043
      },
      "flags": [
        "GENERIC_PATTERN",
        "NO_IMAGE",
        "GENERIC_INFO"
      ],
      "confidence": 0.30000000000000004,
      "recommendation": "REVIEW"
    },
    {
      "id": 3213,
      "name": "Musée des Arts décoratifs de La Roque-Gageac",
      "location": "La Roque-Gageac, Nouvelle-Aquitaine",
      "coordinates": {
        "lat": 44.82221,
        "lng": 1.18983
      },
      "flags": [
        "GENERIC_PATTERN",
        "NAME_DESC_INCONSISTENCY",
        "NO_IMAGE",
        "GENERIC_INFO"
      ],
      "confidence": 0,
      "recommendation": "DELETE"
    },
    {
      "id": 3270,
      "name": "Musée des Arts décoratifs de Melle",
      "location": "Melle, Nouvelle-Aquitaine",
      "coordinates": {
        "lat": 46.22751,
        "lng": -0.14025
      },
      "flags": [
        "GENERIC_PATTERN",
        "NO_IMAGE",
        "GENERIC_INFO"
      ],
      "confidence": 0.30000000000000004,
      "recommendation": "REVIEW"
    },
    {
      "id": 3340,
      "name": "Musée des Arts décoratifs de Saint-Véran",
      "location": "Saint-Véran, Provence-Alpes-Côte d'Azur",
      "coordinates": {
        "lat": 44.70777,
        "lng": 6.86149
      },
      "flags": [
        "GENERIC_PATTERN",
        "NO_IMAGE",
        "GENERIC_INFO"
      ],
      "confidence": 0.30000000000000004,
      "recommendation": "REVIEW"
    },
    {
      "id": 3378,
      "name": "Musée des Arts décoratifs de Yvoire",
      "location": "Yvoire, Auvergne-Rhône-Alpes",
      "coordinates": {
        "lat": 46.36209,
        "lng": 6.32501
      },
      "flags": [
        "GENERIC_PATTERN",
        "NO_IMAGE",
        "GENERIC_INFO"
      ],
      "confidence": 0.30000000000000004,
      "recommendation": "REVIEW"
    },
    {
      "id": 3472,
      "name": "Musée des Arts décoratifs de Veules-les-Roses",
      "location": "Veules-les-Roses, Normandie",
      "coordinates": {
        "lat": 49.87494,
        "lng": 0.80556
      },
      "flags": [
        "GENERIC_PATTERN",
        "NO_IMAGE",
        "GENERIC_INFO"
      ],
      "confidence": 0.30000000000000004,
      "recommendation": "REVIEW"
    },
    {
      "id": 3560,
      "name": "Musée des Arts décoratifs de Châteauneuf-en-Auxois",
      "location": "Châteauneuf-en-Auxois, Bourgogne-Franche-Comté",
      "coordinates": {
        "lat": 47.20771,
        "lng": 4.64291
      },
      "flags": [
        "GENERIC_PATTERN",
        "NO_IMAGE",
        "GENERIC_INFO"
      ],
      "confidence": 0.30000000000000004,
      "recommendation": "REVIEW"
    },
    {
      "id": 3590,
      "name": "Musée des Arts décoratifs de Baume-les-Messieurs",
      "location": "Baume-les-Messieurs, Bourgogne-Franche-Comté",
      "coordinates": {
        "lat": 46.71501,
        "lng": 5.63954
      },
      "flags": [
        "GENERIC_PATTERN",
        "NO_IMAGE",
        "GENERIC_INFO"
      ],
      "confidence": 0.30000000000000004,
      "recommendation": "REVIEW"
    },
    {
      "id": 3669,
      "name": "Musée des Arts décoratifs de Castelnou",
      "location": "Castelnou, Occitanie",
      "coordinates": {
        "lat": 42.62611,
        "lng": 2.69431
      },
      "flags": [
        "GENERIC_PATTERN",
        "NO_IMAGE",
        "GENERIC_INFO"
      ],
      "confidence": 0.30000000000000004,
      "recommendation": "REVIEW"
    },
    {
      "id": 3688,
      "name": "Musée des Arts décoratifs de Sarrant",
      "location": "Sarrant, Occitanie",
      "coordinates": {
        "lat": 43.77154,
        "lng": 0.9185
      },
      "flags": [
        "GENERIC_PATTERN",
        "NO_IMAGE",
        "GENERIC_INFO"
      ],
      "confidence": 0.30000000000000004,
      "recommendation": "REVIEW"
    },
    {
      "id": 3695,
      "name": "Musée des Arts décoratifs de La Romieu",
      "location": "La Romieu, Occitanie",
      "coordinates": {
        "lat": 43.98153,
        "lng": 0.49785
      },
      "flags": [
        "GENERIC_PATTERN",
        "NAME_DESC_INCONSISTENCY",
        "NO_IMAGE",
        "GENERIC_INFO"
      ],
      "confidence": 0,
      "recommendation": "DELETE"
    },
    {
      "id": 3750,
      "name": "Musée des Arts décoratifs de Boulogne-Billancourt",
      "location": "Boulogne-Billancourt, Île-de-France",
      "coordinates": {
        "lat": 48.84558,
        "lng": 2.24887
      },
      "flags": [
        "GENERIC_PATTERN",
        "NAME_DESC_INCONSISTENCY",
        "NO_IMAGE",
        "GENERIC_INFO"
      ],
      "confidence": 0,
      "recommendation": "DELETE"
    },
    {
      "id": 3804,
      "name": "Musée des Arts décoratifs de Yerres",
      "location": "Yerres, Île-de-France",
      "coordinates": {
        "lat": 48.71445,
        "lng": 2.48411
      },
      "flags": [
        "GENERIC_PATTERN",
        "NO_IMAGE",
        "GENERIC_INFO"
      ],
      "confidence": 0.30000000000000004,
      "recommendation": "REVIEW"
    },
    {
      "id": 3848,
      "name": "Musée des Arts décoratifs de Roquebrune-Cap-Martin",
      "location": "Roquebrune-Cap-Martin, Provence-Alpes-Côte d'Azur",
      "coordinates": {
        "lat": 43.76423,
        "lng": 7.45764
      },
      "flags": [
        "GENERIC_PATTERN",
        "NO_IMAGE",
        "GENERIC_INFO"
      ],
      "confidence": 0.30000000000000004,
      "recommendation": "REVIEW"
    },
    {
      "id": 3875,
      "name": "Musée des Arts décoratifs de Bormes-les-Mimosas",
      "location": "Bormes-les-Mimosas, Provence-Alpes-Côte d'Azur",
      "coordinates": {
        "lat": 43.15976,
        "lng": 6.33432
      },
      "flags": [
        "GENERIC_PATTERN",
        "NO_IMAGE",
        "GENERIC_INFO"
      ],
      "confidence": 0.30000000000000004,
      "recommendation": "REVIEW"
    },
    {
      "id": 3919,
      "name": "Musée des Arts décoratifs de Peillon",
      "location": "Peillon, Provence-Alpes-Côte d'Azur",
      "coordinates": {
        "lat": 43.77042,
        "lng": 7.38932
      },
      "flags": [
        "GENERIC_PATTERN",
        "NAME_DESC_INCONSISTENCY",
        "NO_IMAGE",
        "GENERIC_INFO"
      ],
      "confidence": 0,
      "recommendation": "DELETE"
    },
    {
      "id": 3940,
      "name": "Musée des Arts décoratifs de Bargème",
      "location": "Bargème, Provence-Alpes-Côte d'Azur",
      "coordinates": {
        "lat": 43.73094,
        "lng": 6.57256
      },
      "flags": [
        "GENERIC_PATTERN",
        "NO_IMAGE",
        "GENERIC_INFO"
      ],
      "confidence": 0.30000000000000004,
      "recommendation": "REVIEW"
    },
    {
      "id": 3973,
      "name": "Musée des Arts décoratifs de Saint-Antonin-Noble-Val",
      "location": "Saint-Antonin-Noble-Val, Occitanie",
      "coordinates": {
        "lat": 44.14776,
        "lng": 1.76024
      },
      "flags": [
        "GENERIC_PATTERN",
        "NAME_DESC_INCONSISTENCY",
        "NO_IMAGE",
        "GENERIC_INFO"
      ],
      "confidence": 0,
      "recommendation": "DELETE"
    },
    {
      "id": 3982,
      "name": "Musée des Arts décoratifs de Lauzerte",
      "location": "Lauzerte, Occitanie",
      "coordinates": {
        "lat": 44.25565,
        "lng": 1.07621
      },
      "flags": [
        "GENERIC_PATTERN",
        "NO_IMAGE",
        "GENERIC_INFO"
      ],
      "confidence": 0.30000000000000004,
      "recommendation": "REVIEW"
    },
    {
      "id": 3997,
      "name": "Musée des Arts décoratifs de Sorèze",
      "location": "Sorèze, Occitanie",
      "coordinates": {
        "lat": 43.44574,
        "lng": 2.08104
      },
      "flags": [
        "GENERIC_PATTERN",
        "NO_IMAGE",
        "GENERIC_INFO"
      ],
      "confidence": 0.30000000000000004,
      "recommendation": "REVIEW"
    },
    {
      "id": 4159,
      "name": "Musée des Arts décoratifs de Ribérac",
      "location": "Ribérac, Nouvelle-Aquitaine",
      "coordinates": {
        "lat": 45.23872,
        "lng": 0.33715
      },
      "flags": [
        "GENERIC_PATTERN",
        "NAME_DESC_INCONSISTENCY",
        "NO_IMAGE",
        "GENERIC_INFO"
      ],
      "confidence": 0,
      "recommendation": "DELETE"
    },
    {
      "id": 4175,
      "name": "Musée des Arts décoratifs de Hautefort",
      "location": "Hautefort, Nouvelle-Aquitaine",
      "coordinates": {
        "lat": 45.24963,
        "lng": 1.15435
      },
      "flags": [
        "GENERIC_PATTERN",
        "NO_IMAGE",
        "GENERIC_INFO"
      ],
      "confidence": 0.30000000000000004,
      "recommendation": "REVIEW"
    },
    {
      "id": 4200,
      "name": "Musée des Arts décoratifs de Bourdeilles",
      "location": "Bourdeilles, Nouvelle-Aquitaine",
      "coordinates": {
        "lat": 45.31821,
        "lng": 0.59241
      },
      "flags": [
        "GENERIC_PATTERN",
        "NO_IMAGE",
        "GENERIC_INFO"
      ],
      "confidence": 0.30000000000000004,
      "recommendation": "REVIEW"
    },
    {
      "id": 4312,
      "name": "Musée des Arts décoratifs de Fleckenstein",
      "location": "Fleckenstein, Grand Est",
      "coordinates": {
        "lat": 49.04398,
        "lng": 7.77336
      },
      "flags": [
        "GENERIC_PATTERN",
        "NO_IMAGE",
        "GENERIC_INFO"
      ],
      "confidence": 0.30000000000000004,
      "recommendation": "REVIEW"
    },
    {
      "id": 4359,
      "name": "Musée des Arts décoratifs de Domrémy-la-Pucelle",
      "location": "Domrémy-la-Pucelle, Grand Est",
      "coordinates": {
        "lat": 48.4424,
        "lng": 5.66536
      },
      "flags": [
        "GENERIC_PATTERN",
        "NO_IMAGE",
        "GENERIC_INFO"
      ],
      "confidence": 0.30000000000000004,
      "recommendation": "REVIEW"
    },
    {
      "id": 4392,
      "name": "Musée des Arts décoratifs de Villers-Cotterêts",
      "location": "Villers-Cotterêts, Hauts-de-France",
      "coordinates": {
        "lat": 49.25627,
        "lng": 3.08896
      },
      "flags": [
        "GENERIC_PATTERN",
        "NO_IMAGE",
        "GENERIC_INFO"
      ],
      "confidence": 0.30000000000000004,
      "recommendation": "REVIEW"
    },
    {
      "id": 4440,
      "name": "Musée des Arts décoratifs de Chauny",
      "location": "Chauny, Hauts-de-France",
      "coordinates": {
        "lat": 49.61058,
        "lng": 3.20997
      },
      "flags": [
        "GENERIC_PATTERN",
        "NO_IMAGE",
        "GENERIC_INFO"
      ],
      "confidence": 0.30000000000000004,
      "recommendation": "REVIEW"
    },
    {
      "id": 4459,
      "name": "Musée des Arts décoratifs de Bavay",
      "location": "Bavay, Hauts-de-France",
      "coordinates": {
        "lat": 50.29633,
        "lng": 3.80744
      },
      "flags": [
        "GENERIC_PATTERN",
        "NO_IMAGE",
        "GENERIC_INFO"
      ],
      "confidence": 0.30000000000000004,
      "recommendation": "REVIEW"
    },
    {
      "id": 4545,
      "name": "Musée des Arts décoratifs de Loudéac",
      "location": "Loudéac, Bretagne",
      "coordinates": {
        "lat": 48.18349,
        "lng": -2.75435
      },
      "flags": [
        "GENERIC_PATTERN",
        "NO_IMAGE",
        "GENERIC_INFO"
      ],
      "confidence": 0.30000000000000004,
      "recommendation": "REVIEW"
    },
    {
      "id": 4616,
      "name": "Musée des Arts décoratifs de Carrouges",
      "location": "Carrouges, Normandie",
      "coordinates": {
        "lat": 48.56842,
        "lng": -0.14821
      },
      "flags": [
        "GENERIC_PATTERN",
        "NAME_DESC_INCONSISTENCY",
        "NO_IMAGE",
        "GENERIC_INFO"
      ],
      "confidence": 0,
      "recommendation": "DELETE"
    },
    {
      "id": 4627,
      "name": "Musée des Arts décoratifs de Sées",
      "location": "Sées, Normandie",
      "coordinates": {
        "lat": 48.60311,
        "lng": 0.17353
      },
      "flags": [
        "GENERIC_PATTERN",
        "NAME_DESC_INCONSISTENCY",
        "NO_IMAGE",
        "GENERIC_INFO"
      ],
      "confidence": 0,
      "recommendation": "DELETE"
    },
    {
      "id": 4633,
      "name": "Musée des Arts décoratifs de Saint-Lô",
      "location": "Saint-Lô, Normandie",
      "coordinates": {
        "lat": 49.11339,
        "lng": -1.0875
      },
      "flags": [
        "GENERIC_PATTERN",
        "NAME_DESC_INCONSISTENCY",
        "NO_IMAGE",
        "GENERIC_INFO"
      ],
      "confidence": 0,
      "recommendation": "DELETE"
    },
    {
      "id": 4661,
      "name": "Musée des Arts décoratifs de Baugé",
      "location": "Baugé, Pays de la Loire",
      "coordinates": {
        "lat": 47.54535,
        "lng": -0.10353
      },
      "flags": [
        "GENERIC_PATTERN",
        "NO_IMAGE",
        "GENERIC_INFO"
      ],
      "confidence": 0.30000000000000004,
      "recommendation": "REVIEW"
    },
    {
      "id": 4676,
      "name": "Musée des Arts décoratifs de Montreuil-Bellay",
      "location": "Montreuil-Bellay, Pays de la Loire",
      "coordinates": {
        "lat": 47.13128,
        "lng": -0.15277
      },
      "flags": [
        "GENERIC_PATTERN",
        "NAME_DESC_INCONSISTENCY",
        "NO_IMAGE",
        "GENERIC_INFO"
      ],
      "confidence": 0,
      "recommendation": "DELETE"
    },
    {
      "id": 4684,
      "name": "Musée des Arts décoratifs de Brissac",
      "location": "Brissac, Pays de la Loire",
      "coordinates": {
        "lat": 47.34735,
        "lng": -0.45364
      },
      "flags": [
        "GENERIC_PATTERN",
        "NAME_DESC_INCONSISTENCY",
        "NO_IMAGE",
        "GENERIC_INFO"
      ],
      "confidence": 0,
      "recommendation": "DELETE"
    },
    {
      "id": 4695,
      "name": "Musée des Arts décoratifs de Beaufort-en-Anjou",
      "location": "Beaufort-en-Anjou, Pays de la Loire",
      "coordinates": {
        "lat": 47.43153,
        "lng": -0.22518
      },
      "flags": [
        "GENERIC_PATTERN",
        "NO_IMAGE",
        "GENERIC_INFO"
      ],
      "confidence": 0.30000000000000004,
      "recommendation": "REVIEW"
    },
    {
      "id": 4724,
      "name": "Musée des Arts décoratifs de Craon",
      "location": "Craon, Pays de la Loire",
      "coordinates": {
        "lat": 47.83786,
        "lng": -0.95891
      },
      "flags": [
        "GENERIC_PATTERN",
        "NO_IMAGE",
        "GENERIC_INFO"
      ],
      "confidence": 0.30000000000000004,
      "recommendation": "REVIEW"
    },
    {
      "id": 4848,
      "name": "Musée des Arts décoratifs de Ancy-le-Franc",
      "location": "Ancy-le-Franc, Bourgogne-Franche-Comté",
      "coordinates": {
        "lat": 47.77387,
        "lng": 4.16208
      },
      "flags": [
        "GENERIC_PATTERN",
        "NO_IMAGE",
        "GENERIC_INFO"
      ],
      "confidence": 0.30000000000000004,
      "recommendation": "REVIEW"
    },
    {
      "id": 4879,
      "name": "Musée des Arts décoratifs de Saulieu",
      "location": "Saulieu, Bourgogne-Franche-Comté",
      "coordinates": {
        "lat": 47.28189,
        "lng": 4.23006
      },
      "flags": [
        "GENERIC_PATTERN",
        "NAME_DESC_INCONSISTENCY",
        "NO_IMAGE",
        "GENERIC_INFO"
      ],
      "confidence": 0,
      "recommendation": "DELETE"
    },
    {
      "id": 4886,
      "name": "Musée des Arts décoratifs de Pierre-de-Bresse",
      "location": "Pierre-de-Bresse, Bourgogne-Franche-Comté",
      "coordinates": {
        "lat": 46.885,
        "lng": 5.26906
      },
      "flags": [
        "GENERIC_PATTERN",
        "NAME_DESC_INCONSISTENCY",
        "NO_IMAGE",
        "GENERIC_INFO"
      ],
      "confidence": 0,
      "recommendation": "DELETE"
    },
    {
      "id": 4912,
      "name": "Musée des Arts décoratifs de Saint-Fargeau",
      "location": "Saint-Fargeau, Bourgogne-Franche-Comté",
      "coordinates": {
        "lat": 47.64259,
        "lng": 3.0665
      },
      "flags": [
        "GENERIC_PATTERN",
        "NAME_DESC_INCONSISTENCY",
        "NO_IMAGE",
        "GENERIC_INFO"
      ],
      "confidence": 0,
      "recommendation": "DELETE"
    },
    {
      "id": 4926,
      "name": "Musée des Arts décoratifs de Druyes-les-Belles-Fontaines",
      "location": "Druyes-les-Belles-Fontaines, Bourgogne-Franche-Comté",
      "coordinates": {
        "lat": 47.56268,
        "lng": 3.41683
      },
      "flags": [
        "GENERIC_PATTERN",
        "NO_IMAGE",
        "GENERIC_INFO"
      ],
      "confidence": 0.30000000000000004,
      "recommendation": "REVIEW"
    },
    {
      "id": 4947,
      "name": "Musée des Arts décoratifs de Château-Chinon",
      "location": "Château-Chinon, Bourgogne-Franche-Comté",
      "coordinates": {
        "lat": 47.0675,
        "lng": 3.93549
      },
      "flags": [
        "GENERIC_PATTERN",
        "NAME_DESC_INCONSISTENCY",
        "NO_IMAGE",
        "GENERIC_INFO"
      ],
      "confidence": 0,
      "recommendation": "DELETE"
    },
    {
      "id": 4964,
      "name": "Musée des Arts décoratifs de Crémieu",
      "location": "Crémieu, Auvergne-Rhône-Alpes",
      "coordinates": {
        "lat": 45.72415,
        "lng": 5.25344
      },
      "flags": [
        "GENERIC_PATTERN",
        "NO_IMAGE",
        "GENERIC_INFO"
      ],
      "confidence": 0.30000000000000004,
      "recommendation": "REVIEW"
    },
    {
      "id": 4984,
      "name": "Musée des Arts décoratifs de Pont-en-Royans",
      "location": "Pont-en-Royans, Auvergne-Rhône-Alpes",
      "coordinates": {
        "lat": 45.06694,
        "lng": 5.34162
      },
      "flags": [
        "GENERIC_PATTERN",
        "NO_IMAGE",
        "GENERIC_INFO"
      ],
      "confidence": 0.30000000000000004,
      "recommendation": "REVIEW"
    },
    {
      "id": 4994,
      "name": "Musée des Arts décoratifs de Die",
      "location": "Die, Auvergne-Rhône-Alpes",
      "coordinates": {
        "lat": 44.75301,
        "lng": 5.36919
      },
      "flags": [
        "GENERIC_PATTERN",
        "NO_IMAGE",
        "GENERIC_INFO"
      ],
      "confidence": 0.30000000000000004,
      "recommendation": "REVIEW"
    },
    {
      "id": 5007,
      "name": "Musée des Arts décoratifs de Crest",
      "location": "Crest, Auvergne-Rhône-Alpes",
      "coordinates": {
        "lat": 44.7372,
        "lng": 5.02537
      },
      "flags": [
        "GENERIC_PATTERN",
        "NAME_DESC_INCONSISTENCY",
        "NO_IMAGE",
        "GENERIC_INFO"
      ],
      "confidence": 0,
      "recommendation": "DELETE"
    },
    {
      "id": 5049,
      "name": "Musée des Arts décoratifs de Balazuc",
      "location": "Balazuc, Auvergne-Rhône-Alpes",
      "coordinates": {
        "lat": 44.51005,
        "lng": 4.37677
      },
      "flags": [
        "GENERIC_PATTERN",
        "NO_IMAGE",
        "GENERIC_INFO"
      ],
      "confidence": 0.30000000000000004,
      "recommendation": "REVIEW"
    },
    {
      "id": 5107,
      "name": "Musée des Arts décoratifs de Piriac-sur-Mer",
      "location": "Piriac-sur-Mer, Pays de la Loire",
      "coordinates": {
        "lat": 47.3857,
        "lng": -2.54097
      },
      "flags": [
        "GENERIC_PATTERN",
        "NO_IMAGE",
        "GENERIC_INFO"
      ],
      "confidence": 0.30000000000000004,
      "recommendation": "REVIEW"
    },
    {
      "id": 5150,
      "name": "Musée des Arts décoratifs de Cancale",
      "location": "Cancale, Bretagne",
      "coordinates": {
        "lat": 48.66385,
        "lng": -1.84953
      },
      "flags": [
        "GENERIC_PATTERN",
        "NAME_DESC_INCONSISTENCY",
        "NO_IMAGE",
        "GENERIC_INFO"
      ],
      "confidence": 0,
      "recommendation": "DELETE"
    },
    {
      "id": 5189,
      "name": "Musée des Arts décoratifs de Saint-Paul-de-Vence",
      "location": "Saint-Paul-de-Vence, Provence-Alpes-Côte d'Azur",
      "coordinates": {
        "lat": 43.68989,
        "lng": 7.1137
      },
      "flags": [
        "GENERIC_PATTERN",
        "NAME_DESC_INCONSISTENCY",
        "NO_IMAGE",
        "GENERIC_INFO"
      ],
      "confidence": 0,
      "recommendation": "DELETE"
    }
  ]
}